INTEGRATED_NAME,ADDRESS,TREES_KIND
장안근린공원,"서울특별시 동대문구 장안동 300","모과나무 매실나무 양버즘나무 단풍나무 목련 잣나무 오동나무 이팝나무 계수나무 버드나무 산딸나무 은행나무 소나무 피나무 사과나무 산수유 뽕나무 향나무 감나무 가죽나무 느티나무 벚나무 물푸레나무 모감주나무 메타세쿼이아 아까시나무 오동나무 가문비나무 칠엽수 측백나무 백합나무 팥배나무 "
용두근린공원,"서울특별시 동대문구 용두동 34-1","모과나무 매실나무 단풍나무 목련 잣나무 이팝나무 버드나무 산딸나무 은행나무 소나무 산수유 뽕나무 향나무 감나무 느티나무 벚나무 메타세쿼이아 백합나무 배롱나무 때죽나무 살구나무 참나무 회화나무 왕벚나무 대추나무 중국단풍 밤나무 주목 자귀나무 "
용머리어린이공원,"서울특별시 동대문구 용두동 696-8",
작은언덕소공원,"서울특별시 동대문구 회기동 351-6",
용두6구역소공원,"서울특별시 동대문구 용두동 765-12",
우산각어린이공원,"서울특별시 동대문구 신설동 109-4","양버즘나무 단풍나무 목련 잣나무 산딸나무 은행나무 소나무 산수유 뽕나무 느티나무 벚나무 메타세쿼이아 오동나무 측백나무 살구나무 자두나무 주목 "
진달래어린이공원,"서울특별시 동대문구 휘경동 49-384",
안골어린이공원,"서울특별시 동대문구 장안동 402","단풍나무 잣나무 은행나무 소나무 산수유 느티나무 측백나무 전나무 "
장일어린이공원,"서울특별시 동대문구 장안동 164-1","단풍나무 잣나무 은행나무 소나무 산수유 느티나무 벚나무 살구나무 복숭아나무 "
미나리어린이공원,"서울특별시 동대문구 장안동 449","양버즘나무 단풍나무 목련 잣나무 산딸나무 은행나무 소나무 산수유 뽕나무 향나무 느티나무 벚나무 모감주나무 오동나무 칠엽수 살구나무 중국단풍 "
답십리근린공원,"서울특별시 동대문구 답십리동 산2-9",
한내어린이공원,"서울특별시 동대문구 장안동 348","단풍나무 잣나무 이팝나무 산딸나무 은행나무 소나무 피나무 산수유 느티나무 벚나무 모감주나무 "
장이소공원,"서울특별시 동대문구 장안동 587-1","모과나무 단풍나무 목련 잣나무 이팝나무 소나무 느티나무 벚나무 배롱나무 팽나무 참나무 "
미리내어린이공원,"서울특별시 동대문구 장안동 93-29",
샛별어린이공원,"서울특별시 동대문구 장안동 379","모과나무 양버즘나무 단풍나무 목련 잣나무 이팝나무 산딸나무 소나무 피나무 감나무 느티나무 메타세쿼이아 살구나무 주목 "
샛말어린이공원,"서울특별시 동대문구 전농동 695-1",
휘경마당소공원,"서울특별시 동대문구 휘경동 375-1",
새움어린이공원,"서울특별시 동대문구 답십리동 1009-1",
선농단역사공원,"서울특별시 동대문구 제기동 274-1",
장평근린공원,"서울특별시 동대문구 장안동 356",
청량근린공원,"서울특별시 동대문구 청량리동 산1-1",
장미어린이공원,"서울특별시 동대문구 장안동 386","양버즘나무 단풍나무 잣나무 은행나무 소나무 느티나무 "
휘봉어린이공원,"서울특별시 동대문구 휘경동 43-275",
쉼터어린이공원,"서울특별시 동대문구 답십리동 952-5",
새샘근린공원,"서울특별시 동대문구 답십리동 294-69",
이삭어린이공원,"서울특별시 동대문구 전농동 675",
아름어린이공원,"서울특별시 동대문구 휘경동 43-275",
천장어린이공원,"서울특별시 동대문구 이문동 264-181",
배봉산근린공원,"서울특별시 동대문구 전농동 산32-20",
느티나무어린이공원,"서울특별시 동대문구 용두동 138-61",
꿈동산어린이공원,"서울특별시 동대문구 답십리동 1002-1",
솔바람소공원,"서울특별시 동대문구 용두동 794-1",
동산어린이공원,"서울특별시 동대문구 답십리동 998-1","모과나무 단풍나무 목련 잣나무 이팝나무 소나무 사과나무 감나무 느티나무 벚나무 느릅나무 주목 "
아름드리어린이공원,"서울특별시 동대문구 전농동 688-7","단풍나무 잣나무 산딸나무 소나무 사과나무 산수유 뽕나무 가죽나무 느티나무 벚나무 메타세쿼이아 "
홍릉근린공원,"서울특별시 동대문구 청량리동 산1-145",
간데메근린공원,"서울특별시 동대문구 답십리동 471",
용두5구역어린이공원,"서울특별시 동대문구 용두동 795-2",
"용두6구역 대체공원소공원","서울특별시 동대문구 답십리동 53-43",
늘푸른어린이공원,"서울특별시 동대문구 장안동 303",
늘봄어린이공원,"서울특별시 동대문구 장안동 343","모과나무 양버즘나무 단풍나무 이팝나무 은행나무 소나무 산수유 향나무 감나무 느티나무 모감주나무 칠엽수 "
장령당소공원,"서울특별시 동대문구 답십리동 1004-4",
방아다리어린이공원,"서울특별시 동대문구 제기동 132-1","단풍나무 목련 잣나무 이팝나무 산딸나무 소나무 산수유 감나무 느티나무 벚나무 측백나무 주목 "
내길소공원,"서울특별시 동대문구 휘경동 368-4",
휘경어린이공원,"서울특별시 동대문구 휘경동 372-2","단풍나무 목련 잣나무 이팝나무 산딸나무 은행나무 소나무 산수유 감나무 느티나무 벚나무 측백나무 살구나무 자두나무 중국단풍 말채나무 "
마로니에어린이공원,"서울특별시 동대문구 장안동 325","단풍나무 잣나무 은행나무 사과나무 향나무 느티나무 물푸레나무 칠엽수 중국단풍 스트로브잣나무 "
이슬어린이공원,"서울특별시 동대문구 장안동 190-62",
용두희망어린이공원,"서울특별시 동대문구 용두동 715",
텃골근린공원,"서울특별시 동대문구 전농동 553-1",
천호대로,"서울특별시 동대문구 용두동 237-10","양버즘나무 이팝나무 은행나무 느티나무 백합나무 "
외대역동로,"서울특별시 동대문구 휘경동 112-43","양버즘나무 "
제기로17길,"서울특별시 동대문구 청량리동 203-316","은행나무 "
천호대로,"서울특별시 동대문구 답십리동 524-1","양버즘나무 느티나무 "
답십리로,"서울특별시 동대문구 전농동 485-11","양버즘나무 "
사가정로,"서울특별시 동대문구 장안동 469-1","양버즘나무 단풍나무 이팝나무 은행나무 회화나무 "
한천로,"서울특별시 동대문구 이문동 105-1","양버즘나무 이팝나무 은행나무 "
서울시립대로,"서울특별시 동대문구 전농동 124-19","은행나무 "
서울시립대로,"서울특별시 동대문구 전농동 582-24","은행나무 "
제기로17길,"서울특별시 동대문구 청량리동 205-375","은행나무 "
왕산로,"서울특별시 동대문구 신설동 76-5","단풍나무 이팝나무 은행나무 "
안암로,"서울특별시 동대문구 제기동 142-19","은행나무 "
전농로,"서울특별시 동대문구 답십리동 51-3","양버즘나무 은행나무 "
회기로,"서울특별시 동대문구 회기동 45-38","은행나무 "
회기로,"서울특별시 동대문구 회기동 45-37","은행나무 "
회기로,"서울특별시 동대문구 회기동 60-48","은행나무 "
회기로,"서울특별시 동대문구 회기동 60-1","은행나무 "
회기로,"서울특별시 동대문구 청량리동 산 1-135","양버즘나무 은행나무 "
회기로,"서울특별시 동대문구 청량리동 산 4-2","은행나무 "
제기로,"서울특별시 동대문구 청량리동 34","양버즘나무 은행나무 "
답십리로,"서울특별시 동대문구 답십리동 473-63","양버즘나무 은행나무 "
천호대로,"서울특별시 동대문구 용두동 39-559","양버즘나무 느티나무 "
천호대로,"서울특별시 동대문구 용두동 47-1","양버즘나무 단풍나무 이팝나무 산수유 느티나무 "
황물로,"서울특별시 동대문구 전농동 667-4","양버즘나무 이팝나무 은행나무 "
제기로17길,"서울특별시 동대문구 청량리동 520-9","은행나무 "
회기로,"서울특별시 동대문구 청량리동 산 5-8","은행나무 "
사가정로,"서울특별시 동대문구 답십리동 112-3","은행나무 "
전농로,"서울특별시 동대문구 답십리동 53-1","양버즘나무 은행나무 "
서울시립대로,"서울특별시 동대문구 전농동 129-75","은행나무 "
천호대로,"서울특별시 동대문구 답십리동 497-34","양버즘나무 은행나무 "
천호대로,"서울특별시 동대문구 신설동 92-34","양버즘나무 "
서울시립대로,"서울특별시 동대문구 전농동 646-22","은행나무 "
홍릉로,"서울특별시 동대문구 청량리동 205-850","양버즘나무 은행나무 "
홍릉로,"서울특별시 동대문구 청량리동 산 1-227","양버즘나무 은행나무 "
천호대로,"서울특별시 동대문구 장안동 480-18","양버즘나무 은행나무 "
답십리로,"서울특별시 동대문구 전농동 666","양버즘나무 이팝나무 은행나무 "
천호대로47길,"서울특별시 동대문구 답십리동 462-1","느티나무 "
안암로,"서울특별시 동대문구 용두동 774","양버즘나무 은행나무 "
제기로,"서울특별시 동대문구 청량리동 819","양버즘나무 은행나무 "
서울시립대로,"서울특별시 동대문구 전농동 582-6","은행나무 "
사가정로,"서울특별시 동대문구 답십리동 549-2","은행나무 "
한천로,"서울특별시 동대문구 이문동 354-5","양버즘나무 은행나무 "
서울시립대로,"서울특별시 동대문구 전농동 666","은행나무 "
천호대로47길,"서울특별시 동대문구 답십리동 552","느티나무 "
회기로,"서울특별시 동대문구 청량리동 산 5-9","은행나무 "
장한로,"서울특별시 동대문구 장안동 469-3","이팝나무 벚나무 "
장한로,"서울특별시 동대문구 장안동 469-12","양버즘나무 이팝나무 은행나무 "
고산자로,"서울특별시 동대문구 제기동 696","양버즘나무 "
겸재로,"서울특별시 동대문구 휘경동 57-2","메타세쿼이아 배롱나무 "
한천로,"서울특별시 동대문구 휘경동 43-1","양버즘나무 은행나무 "
고산자로,"서울특별시 동대문구 제기동 699","양버즘나무 "
전농로,"서울특별시 동대문구 전농동 103-156","은행나무 "
사가정로,"서울특별시 동대문구 답십리동 549-1","단풍나무 은행나무 느티나무 "
사가정로,"서울특별시 동대문구 전농동 311","은행나무 "
사가정로,"서울특별시 동대문구 전농동 295-26","은행나무 "
한천로,"서울특별시 동대문구 장안동 150-21","양버즘나무 은행나무 "
왕산로,"서울특별시 동대문구 청량리동 819","양버즘나무 이팝나무 은행나무 느티나무 "
회기로,"서울특별시 동대문구 청량리동 205-553","은행나무 "
회기로,"서울특별시 동대문구 청량리동 206-9","계수나무 버드나무 은행나무 피나무 느티나무 느릅나무 "
장한로,"서울특별시 동대문구 장안동 469-4","이팝나무 "
외대역동로,"서울특별시 동대문구 휘경동 361-1","양버즘나무 느티나무 백합나무 "
한천로63길,"서울특별시 동대문구 이문동 225","느티나무 "
서울시립대로,"서울특별시 동대문구 전농동 584-21","은행나무 "
홍릉로25길,"서울특별시 동대문구 청량리동 205-491","은행나무 "
장안벚꽃로,"서울특별시 동대문구 장안동 473-7","모과나무 양버즘나무 잣나무 이팝나무 은행나무 느티나무 벚나무 "
답십리로,"서울특별시 동대문구 전농동 655-36","은행나무 "
망우로,"서울특별시 동대문구 휘경동 66-1","은행나무 "
서울시립대로,"서울특별시 동대문구 전농동 530-119","은행나무 "
망우로,"서울특별시 동대문구 휘경동 268-1","이팝나무 은행나무 "
무학로,"서울특별시 동대문구 용두동 118-86","양버즘나무 "
이문로,"서울특별시 동대문구 이문동 284-4","양버즘나무 은행나무 "
이문로,"서울특별시 동대문구 이문동 325-1","양버즘나무 은행나무 "
무학로,"서울특별시 동대문구 용두동 190-5","은행나무 "
무학로,"서울특별시 동대문구 용두동 237-10","양버즘나무 은행나무 백합나무 "
한천로,"서울특별시 동대문구 장안동 217-1","양버즘나무 이팝나무 은행나무 "
홍릉로,"서울특별시 동대문구 청량리동 205-848","양버즘나무 "
황물로,"서울특별시 동대문구 답십리동 530-2","양버즘나무 이팝나무 은행나무 "
황물로,"서울특별시 동대문구 답십리동 489-90","은행나무 "
홍릉로,"서울특별시 동대문구 청량리동 819","양버즘나무 은행나무 느티나무 회화나무 "
왕산로,"서울특별시 동대문구 청량리동 35","양버즘나무 은행나무 "
한천로,"서울특별시 동대문구 장안동 107-3","양버즘나무 은행나무 "
한천로,"서울특별시 동대문구 장안동 188-15","양버즘나무 은행나무 "
한천로,"서울특별시 동대문구 장안동 106-6","양버즘나무 은행나무 "
약령시로,"서울특별시 동대문구 제기동 856","양버즘나무 "
이문로,"서울특별시 동대문구 이문동 346-131","양버즘나무 은행나무 "
망우로,"서울특별시 동대문구 휘경동 255-22","은행나무 "
이문로,"서울특별시 동대문구 휘경동 183-52","은행나무 "
이문로,"서울특별시 동대문구 이문동 255-192","은행나무 "
장안벚꽃로,"서울특별시 동대문구 장안동 473-3","양버즘나무 이팝나무 회화나무 "
천호대로45길,"서울특별시 동대문구 용두동 39-928","은행나무 "
답십리로,"서울특별시 동대문구 장안동 141-2","이팝나무 "
회기로,"서울특별시 동대문구 회기동 77-42","은행나무 "
왕산로,"서울특별시 동대문구 용두동 237-10","양버즘나무 이팝나무 은행나무 "
망우로,"서울특별시 동대문구 휘경동 316-3","은행나무 "
이문로,"서울특별시 동대문구 이문동 292-100","은행나무 "
이문로,"서울특별시 동대문구 이문동 255-8","은행나무 "
왕산로,"서울특별시 동대문구 제기동 65","양버즘나무 이팝나무 은행나무 "
천호대로,"서울특별시 동대문구 장안동 472-3","양버즘나무 은행나무 "
서울시립대로,"서울특별시 동대문구 답십리동 465-141","은행나무 "
홍릉로25길,"서울특별시 동대문구 청량리동 203-32","은행나무 감나무 "
한천로,"서울특별시 동대문구 이문동 92-27","양버즘나무 은행나무 "
정릉천동로,"서울특별시 동대문구 제기동 271-50","양버즘나무 은행나무 "
전농로,"서울특별시 동대문구 전농동 60-34","은행나무 "
답십리로,"서울특별시 동대문구 답십리동 2-299","이팝나무 "
서울시립대로,"서울특별시 동대문구 전농동 129-71","은행나무 "
황물로,"서울특별시 동대문구 답십리동 489-42","은행나무 "
신이문로,"서울특별시 동대문구 이문동 238-2","은행나무 "
망우로,"서울특별시 동대문구 휘경동 336-10","양버즘나무 은행나무 "
망우로,"서울특별시 동대문구 휘경동 280-1","은행나무 "
겸재로,"서울특별시 동대문구 휘경동 49-322","산딸나무 메타세쿼이아 "
겸재로,"서울특별시 동대문구 휘경동 49-6","산딸나무 메타세쿼이아 배롱나무 "
장한로,"서울특별시 동대문구 장안동 469-7","양버즘나무 이팝나무 은행나무 "
한천로,"서울특별시 동대문구 이문동 92-29","양버즘나무 은행나무 "
약령시로,"서울특별시 동대문구 제기동 190-18","은행나무 "
왕산로,"서울특별시 동대문구 용두동 236-1","느티나무 "
무학로,"서울특별시 동대문구 용두동 193-58","은행나무 "
무학로,"서울특별시 동대문구 용두동 150-4","은행나무 "
약령시로,"서울특별시 동대문구 청량리동 235-14","양버즘나무 은행나무 "
한천로,"서울특별시 동대문구 전농동 1-5","양버즘나무 은행나무 "
서울시립대로,"서울특별시 동대문구 전농동 530-83","은행나무 "
정릉천동로,"서울특별시 동대문구 제기동 1205","양버즘나무 이팝나무 은행나무 회화나무 대추나무 "
이문로,"서울특별시 동대문구 이문동 292-95","은행나무 "
전농로,"서울특별시 동대문구 전농동 195-1","은행나무 "
장안벚꽃로,"서울특별시 동대문구 장안동 473-6","양버즘나무 이팝나무 "
장한로12길,"서울특별시 동대문구 장안동 471-1","양버즘나무 이팝나무 은행나무 "
휘경로,"서울특별시 동대문구 휘경동 372-3","양버즘나무 이팝나무 은행나무 칠엽수 "
신이문로,"서울특별시 동대문구 이문동 255-223","은행나무 "
망우로,"서울특별시 동대문구 휘경동 42-6","이팝나무 은행나무 "
망우로,"서울특별시 동대문구 휘경동 312-245","은행나무 "
전농로,"서울특별시 동대문구 전농동 189-1","은행나무 "
전농로,"서울특별시 동대문구 답십리동 94-2","양버즘나무 은행나무 "
회기로,"서울특별시 동대문구 청량리동 207-43","은행나무 "
고산자로,"서울특별시 동대문구 제기동 669-1","양버즘나무 은행나무 "
이문로,"서울특별시 동대문구 이문동 341-11","은행나무 "
한천로,"서울특별시 동대문구 답십리동 2-17","양버즘나무 은행나무 "
한천로,"서울특별시 동대문구 장안동 95-5","양버즘나무 은행나무 "
한천로,"서울특별시 동대문구 답십리동 917","양버즘나무 은행나무 "
약령시로,"서울특별시 동대문구 청량리동 235-10","양버즘나무 이팝나무 은행나무 "
장안벚꽃로,"서울특별시 동대문구 장안동 473-2","양버즘나무 이팝나무 은행나무 벚나무 회화나무 "
정릉천동로,"서울특별시 동대문구 제기동 891-2","양버즘나무 이팝나무 은행나무 뽕나무 회화나무 "
답십리로,"서울특별시 동대문구 답십리동 2-150","이팝나무 "
전농로,"서울특별시 동대문구 답십리동 69-1","양버즘나무 은행나무 "
전농로,"서울특별시 동대문구 답십리동 534","양버즘나무 은행나무 "
망우로,"서울특별시 동대문구 휘경동 32-1","은행나무 "
이문로,"서울특별시 동대문구 이문동 371-1","양버즘나무 "
안암로,"서울특별시 동대문구 신설동 397-2","양버즘나무 은행나무 "
안암로,"서울특별시 동대문구 제기동 142-21","은행나무 "
장안벚꽃로,"서울특별시 동대문구 휘경동 49-295","회화나무 "
왕산로,"서울특별시 동대문구 용두동 47-1","이팝나무 은행나무 "
답십리로,"서울특별시 동대문구 답십리동 476-265","느티나무 "
사가정로,"서울특별시 동대문구 전농동 30-1","이팝나무 은행나무 느티나무 벚나무 "
제기로,"서울특별시 동대문구 제기동 856","양버즘나무 은행나무 "
무학로,"서울특별시 동대문구 용두동 168-15","은행나무 "
한천로,"서울특별시 동대문구 이문동 209-1","양버즘나무 은행나무 "
천호대로,"서울특별시 동대문구 신설동 102-27","은행나무 느티나무 "
홍릉로,"서울특별시 동대문구 청량리동 199-231","양버즘나무 "
서울시립대로,"서울특별시 동대문구 전농동 124-64","은행나무 "
한천로,"서울특별시 동대문구 이문동 212-4","은행나무 "
장안벚꽃로,"서울특별시 동대문구 휘경동 49-12","이팝나무 회화나무 "
장한로,"서울특별시 동대문구 장안동 469-9","양버즘나무 이팝나무 은행나무 벚나무 "
한천로,"서울특별시 동대문구 장안동 187","양버즘나무 은행나무 "
한천로,"서울특별시 동대문구 답십리동 1-465","양버즘나무 은행나무 "
장한로,"서울특별시 동대문구 장안동 469-5","이팝나무 "
한천로,"서울특별시 동대문구 답십리동 952-2","양버즘나무 이팝나무 은행나무 "
전농로,"서울특별시 동대문구 전농동 135-24","산딸나무 은행나무 "
서울시립대로,"서울특별시 동대문구 전농동 567-16","은행나무 "
한천로,"서울특별시 동대문구 장안동 108-3","양버즘나무 "
약령시로,"서울특별시 동대문구 제기동 892-167","은행나무 "
약령시로,"서울특별시 동대문구 제기동 182-44","은행나무 "
서울시립대로,"서울특별시 동대문구 전농동 530-89","은행나무 "
답십리로,"서울특별시 동대문구 답십리동 236-20","이팝나무 "
회기로,"서울특별시 동대문구 회기동 105-16","은행나무 "
고산자로,"서울특별시 동대문구 제기동 667-1","양버즘나무 "
제기로17길,"서울특별시 동대문구 청량리동 203-32","이팝나무 은행나무 "
서울시립대로,"서울특별시 동대문구 전농동 124-92","은행나무 "
황물로,"서울특별시 동대문구 답십리동 536","양버즘나무 은행나무 "
이문로,"서울특별시 동대문구 휘경동 321-20","은행나무 "
이문로,"서울특별시 동대문구 이문동 292-90","은행나무 "
한빛로,"서울특별시 동대문구 신설동 76-84","은행나무 "
망우로21길,"서울특별시 동대문구 휘경동 255-3","은행나무 "
고산자로,"서울특별시 동대문구 제기동 856","양버즘나무 은행나무 느티나무 "
답십리로,"서울특별시 동대문구 장안동 470-1","이팝나무 "
답십리로,"서울특별시 동대문구 장안동 470-2","이팝나무 "
제기로,"서울특별시 동대문구 청량리동 520-13","양버즘나무 은행나무 "
이문로,"서울특별시 동대문구 이문동 371-14","은행나무 "
서울시립대로,"서울특별시 동대문구 전농동 582-23","은행나무 "
천호대로,"서울특별시 동대문구 답십리동 495-4","양버즘나무 "
사가정로,"서울특별시 동대문구 장안동 469-2","이팝나무 "
제기로,"서울특별시 동대문구 제기동 137-276","양버즘나무 "
답십리로,"서울특별시 동대문구 답십리동 66-52","이팝나무 "
전농로,"서울특별시 동대문구 전농동 188-5","은행나무 "
회기로,"서울특별시 동대문구 청량리동 산 1-140","은행나무 "
한천로66길,"서울특별시 동대문구 이문동 209-16","은행나무 "
약령시로,"서울특별시 동대문구 제기동 149-16","은행나무 "
장안벚꽃로,"서울특별시 동대문구 장안동 473-5","양버즘나무 이팝나무 회화나무 "
전농로,"서울특별시 동대문구 전농동 135-33","은행나무 "
한천로66길,"서울특별시 동대문구 이문동 213-5","은행나무 "
한천로,"서울특별시 동대문구 장안동 118-4","양버즘나무 은행나무 "
서울시립대로,"서울특별시 동대문구 전농동 150-84","은행나무 느티나무 벚나무 "
외대역동로,"서울특별시 동대문구 이문동 354-5","이팝나무 "
제기로17길,"서울특별시 동대문구 청량리동 205-386","은행나무 "
이문로,"서울특별시 동대문구 이문동 288-3","양버즘나무 은행나무 "
천호대로,"서울특별시 동대문구 답십리동 492-6","양버즘나무 은행나무 "
한천로,"서울특별시 동대문구 답십리동 1-448","양버즘나무 "
약령시로,"서울특별시 동대문구 청량리동 819","양버즘나무 은행나무 "
답십리로,"서울특별시 동대문구 답십리동 2-295","이팝나무 "
서울시립대로,"서울특별시 동대문구 전농동 150-56","은행나무 "
장한로,"서울특별시 동대문구 장안동 469-11","양버즘나무 이팝나무 은행나무 "
한천로,"서울특별시 동대문구 휘경동 산 6-35","양버즘나무 은행나무 "
천호대로,"서울특별시 동대문구 답십리동 528","양버즘나무 "
천호대로47길,"서울특별시 동대문구 답십리동 645-8","느티나무 "
천호대로,"서울특별시 동대문구 신설동 102-6","양버즘나무 은행나무 "
전농로,"서울특별시 동대문구 답십리동 530-2","양버즘나무 은행나무 "
황물로,"서울특별시 동대문구 전농동 672","양버즘나무 은행나무 느티나무 "
답십리로,"서울특별시 동대문구 답십리동 245-1","양버즘나무 은행나무 "
회기로,"서울특별시 동대문구 회기동 346-8","은행나무 "
장한로,"서울특별시 동대문구 장안동 469-8","양버즘나무 이팝나무 은행나무 "
외대역동로,"서울특별시 동대문구 휘경동 108-3","이팝나무 "
사가정로,"서울특별시 동대문구 전농동 3-89","은행나무 "
천호대로,"서울특별시 동대문구 용두동 696-6","은행나무 "
서울시립대로,"서울특별시 동대문구 전농동 572-1","은행나무 "
망우로,"서울특별시 동대문구 휘경동 343-55","은행나무 "
망우로,"서울특별시 동대문구 휘경동 267-1","은행나무 "
답십리로,"서울특별시 동대문구 답십리동 475-111","양버즘나무 은행나무 "
망우로,"서울특별시 동대문구 휘경동 33-4","은행나무 "
한천로,"서울특별시 동대문구 전농동 1-33","양버즘나무 은행나무 "
한천로,"서울특별시 동대문구 이문동 356","은행나무 "
사가정로,"서울특별시 동대문구 전농동 25-2","은행나무 "
사가정로,"서울특별시 동대문구 장안동 107-4","이팝나무 "
한천로,"서울특별시 동대문구 장안동 105-6","양버즘나무 은행나무 "
한천로,"서울특별시 동대문구 답십리동 1-92","양버즘나무 은행나무 물푸레나무 "
황물로,"서울특별시 동대문구 전농동 670","양버즘나무 은행나무 "
안암로,"서울특별시 동대문구 용두동 747","양버즘나무 은행나무 벚나무 "
안암로,"서울특별시 동대문구 용두동 776","양버즘나무 은행나무 "
한천로,"서울특별시 동대문구 이문동 217-6","양버즘나무 은행나무 "
한천로,"서울특별시 동대문구 답십리동 936","양버즘나무 은행나무 "
제기로17길,"서울특별시 동대문구 청량리동 205-66","은행나무 "
신이문로,"서울특별시 동대문구 이문동 237-3","은행나무 "
회기로,"서울특별시 동대문구 청량리동 산 1-137","은행나무 "
전농로,"서울특별시 동대문구 전농동 25-2","양버즘나무 은행나무 "
한천로,"서울특별시 동대문구 이문동 209-16","은행나무 "
고산자로,"서울특별시 동대문구 제기동 1032","양버즘나무 "
황물로,"서울특별시 동대문구 답십리동 961-7","양버즘나무 "
답십리로,"서울특별시 동대문구 전농동 648-164","양버즘나무 은행나무 "
한천로14길,"서울특별시 동대문구 장안동 471-2","양버즘나무 이팝나무 은행나무 "
한천로,"서울특별시 동대문구 휘경동 57-2","은행나무 메타세쿼이아 "
사가정로,"서울특별시 동대문구 전농1동 314-4","은행나무 "
장안벚꽃로,"서울특별시 동대문구 장안동 473-4","양버즘나무 이팝나무 느티나무 회화나무 "
망우로21길,"서울특별시 동대문구 휘경동 261-1","은행나무 "
답십리로,"서울특별시 동대문구 답십리동 62-5","이팝나무 "
한천로,"서울특별시 동대문구 휘경동 43-176","양버즘나무 은행나무 "
한천로,"서울특별시 동대문구 장안동 550","양버즘나무 은행나무 "
회기로,"서울특별시 동대문구 제기동 1142-29","은행나무 "
안암로,"서울특별시 동대문구 제기동 1154","은행나무 "
한천로,"서울특별시 동대문구 이문동 209-20","양버즘나무 "
제기로17길,"서울특별시 동대문구 청량리동 203-25","은행나무 "
천호대로,"서울특별시 동대문구 답십리동 494-8","양버즘나무 산딸나무 "
한천로,"서울특별시 동대문구 장안동 482","양버즘나무 은행나무 백합나무 "
약령시로,"서울특별시 동대문구 제기동 851","양버즘나무 은행나무 "
장안벚꽃로,"서울특별시 동대문구 휘경동 49-23","회화나무 "
천호대로,"서울특별시 동대문구 답십리동 495-5","양버즘나무 은행나무 "
천호대로47길,"서울특별시 동대문구 답십리동 645-9","느티나무 "
천호대로,"서울특별시 동대문구 답십리동 492-12","양버즘나무 "
전농로,"서울특별시 동대문구 답십리동 264-1","양버즘나무 은행나무 "
장안벚꽃로,"서울특별시 동대문구 장안동 456-13","양버즘나무 이팝나무 회화나무 "
휘경로,"서울특별시 동대문구 휘경동 146-116","양버즘나무 "
사가정로,"서울특별시 동대문구 전농동 42-4","양버즘나무 단풍나무 은행나무 "
한천로,"서울특별시 동대문구 답십리동 2-32","양버즘나무 "
청계천로,"서울특별시 동대문구 용두동 701-6","단풍나무 이팝나무 느티나무 "
청계천로,"서울특별시 동대문구 신설동 100-23","느티나무 "
전농로,"서울특별시 동대문구 전농동 295-61","은행나무 "
회기로,"서울특별시 동대문구 청량리동 206-4","은행나무 "
장안벚꽃로,"서울특별시 동대문구 휘경동 49-54","회화나무 "
서울시립대로,"서울특별시 동대문구 전농동 150-10","은행나무 "
답십리로,"서울특별시 동대문구 전농동 625-5","양버즘나무 은행나무 "
황물로,"서울특별시 동대문구 답십리동 530-18","백합나무 "
한천로,"서울특별시 동대문구 전농동 1-203","이팝나무 "
청계천로,"서울특별시 동대문구 신설동 109-8","느티나무 "
서울시립대로,"서울특별시 동대문구 전농동 569-54","은행나무 "
왕산로,"서울특별시 동대문구 전농동 620-67","양버즘나무 이팝나무 은행나무 느티나무 "
한천로,"서울특별시 동대문구 이문동 101-20","양버즘나무 은행나무 "
신이문로,"서울특별시 동대문구 이문동 357-3","은행나무 "
전농로,"서울특별시 동대문구 전농동 141-171","은행나무 "
한천로,"서울특별시 동대문구 답십리동 951-3","양버즘나무 이팝나무 은행나무 "
전농로,"서울특별시 동대문구 전농동 103-524","은행나무 "
회기로,"서울특별시 동대문구 휘경동 319-42","양버즘나무 은행나무 "
회기로,"서울특별시 동대문구 회기동 45-46","은행나무 "
전농로,"서울특별시 동대문구 전농동 184-4","은행나무 "
장안벚꽃로,"서울특별시 동대문구 장안동 440-16","이팝나무 "
천호대로,"서울특별시 동대문구 답십리동 493-7","양버즘나무 은행나무 "
고산자로,"서울특별시 동대문구 제기동 796","양버즘나무 "
전농로,"서울특별시 동대문구 답십리동 257-1","양버즘나무 은행나무 "
회기로,"서울특별시 동대문구 청량리동 206-3","은행나무 "
경동시장로,"서울특별시 동대문구 제기동 293","이팝나무 "
사가정로,"서울특별시 동대문구 장안동 105-6","이팝나무 느티나무 "
전농로,"서울특별시 동대문구 전농동 141-62","은행나무 "
회기로,"서울특별시 동대문구 청량리동 산 1-141","은행나무 "
고산자로,"서울특별시 동대문구 제기동 909","양버즘나무 "
약령시로,"서울특별시 동대문구 제기동 1154","느티나무 벚나무 "
천호대로,"서울특별시 동대문구 장안동 472-1","양버즘나무 은행나무 "
답십리로,"서울특별시 동대문구 전농동 623-15","양버즘나무 "
홍릉로,"서울특별시 동대문구 청량리동 204-38","양버즘나무 은행나무 "
망우로,"서울특별시 동대문구 휘경동 34-6","은행나무 "
무학로,"서울특별시 동대문구 용두동 150-32","은행나무 "
한천로,"서울특별시 동대문구 답십리동 12-231","양버즘나무 이팝나무 은행나무 "
휘경로,"서울특별시 동대문구 휘경동 118-22","양버즘나무 은행나무 "
이문로,"서울특별시 동대문구 이문동 256-2","은행나무 "
장안벚꽃로,"서울특별시 동대문구 장안동 473-1","이팝나무 회화나무 "
이문로,"서울특별시 동대문구 이문동 292-261","양버즘나무 은행나무 "
외대역동로,"서울특별시 동대문구 휘경동 108-36","양버즘나무 "
답십리로,"서울특별시 동대문구 전농동 679-8","양버즘나무 "
홍릉로,"서울특별시 동대문구 청량리동 산 1-215","양버즘나무 은행나무 "
천호대로47길,"서울특별시 동대문구 답십리동 645-7","은행나무 느티나무 "
서울시립대로,"서울특별시 동대문구 전농동 581-19","은행나무 "
전농로,"서울특별시 동대문구 전농동 103-98","은행나무 "
무학로,"서울특별시 동대문구 용두동 146-16","은행나무 "
전농로,"서울특별시 동대문구 답십리동 439-4","양버즘나무 "
한천로,"서울특별시 동대문구 답십리동 2-56","양버즘나무 은행나무 "
무학로,"서울특별시 동대문구 용두동 130-16","은행나무 "
안암로,"서울특별시 동대문구 제기동 190-11","양버즘나무 은행나무 "
회기로,"서울특별시 동대문구 제기동 1142-16","은행나무 "
장한로,"서울특별시 동대문구 장안동 469-10","양버즘나무 이팝나무 은행나무 "
답십리로,"서울특별시 동대문구 답십리동 53-54","이팝나무 "
한천로,"서울특별시 동대문구 이문동 210-1","양버즘나무 "
장안벚꽃로,"서울특별시 동대문구 휘경동 49-11","이팝나무 회화나무 "
천호대로45길,"서울특별시 동대문구 용두동 39-924","은행나무 "
서울시립대로,"서울특별시 동대문구 전농동 530-88","은행나무 "
전농로,"서울특별시 동대문구 답십리동 36-2","양버즘나무 은행나무 "
이문로,"서울특별시 동대문구 휘경동 187-50","은행나무 "
이문로,"서울특별시 동대문구 이문동 251-1","양버즘나무 은행나무 "
장한로6길,"서울특별시 동대문구 장안동 480-11","은행나무 "
청계천로,"서울특별시 동대문구 용두동 696-6","양버즘나무 은행나무 소나무 느티나무 "
회기로,"서울특별시 동대문구 청량리동 산 1-227","은행나무 "
장한로,"서울특별시 동대문구 장안동 469-13","이팝나무 은행나무 "
한천로,"서울특별시 동대문구 휘경동 7-34","양버즘나무 "
한천로,"서울특별시 동대문구 이문동 209-18","은행나무 "
전농로,"서울특별시 동대문구 전농동 103-297","은행나무 "
경희대로,"서울특별시 동대문구 회기동 16-59","은행나무 "
서울시립대로,"서울특별시 동대문구 전농동 534-5","은행나무 "
고산자로,"서울특별시 동대문구 제기동 136-11","은행나무 "
장안벚꽃로,"서울특별시 동대문구 휘경동 49-14","이팝나무 회화나무 "
황물로,"서울특별시 동대문구 답십리동 539-6","양버즘나무 이팝나무 은행나무 "
왕산로,"서울특별시 동대문구 신설동 76-69","은행나무 "
이문로,"서울특별시 동대문구 회기동 67-7","양버즘나무 은행나무 백합나무 "
이문로,"서울특별시 동대문구 이문동 341-13","은행나무 "
망우로,"서울특별시 동대문구 휘경동 317-10","은행나무 "
홍릉로,"서울특별시 동대문구 청량리동 317-1","양버즘나무 "
전농로,"서울특별시 동대문구 답십리동 97-1","양버즘나무 은행나무 백합나무 "
전농로,"서울특별시 동대문구 답십리동 530-3","양버즘나무 "
약령시로,"서울특별시 동대문구 제기동 180-1","은행나무 "
이문로,"서울특별시 동대문구 이문동 327-3","은행나무 "
홍릉로,"서울특별시 동대문구 청량리동 205-845","양버즘나무 "
외대역동로,"서울특별시 동대문구 휘경동 42-4","은행나무 느티나무 "
회기로10길,"서울특별시 동대문구 청량리동 206-9","벚나무 "
이문로,"서울특별시 동대문구 이문동 256-371","은행나무 "
제기로17길,"서울특별시 동대문구 청량리동 203-38","은행나무 "
천호대로,"서울특별시 동대문구 답십리동 497-39","양버즘나무 "
신이문로,"서울특별시 동대문구 이문동 220-106","은행나무 "
홍릉로,"서울특별시 동대문구 청량리동 205-809","양버즘나무 "
황물로,"서울특별시 동대문구 답십리동 961-1","양버즘나무 은행나무 "
답십리로,"서울특별시 동대문구 답십리동 474-28","양버즘나무 "
홍릉로,"서울특별시 동대문구 청량리동 산 1-213","양버즘나무 "
회기로,"서울특별시 동대문구 회기동 60-212","은행나무 "
답십리로,"서울특별시 동대문구 전농동 625-6","양버즘나무 "
회기로,"서울특별시 동대문구 회기동 60-111","은행나무 "
답십리로,"서울특별시 동대문구 답십리동 472-103","양버즘나무 은행나무 "
이문로,"서울특별시 동대문구 이문동 255-4","은행나무 "
한천로,"서울특별시 동대문구 전농동 1-120","양버즘나무 은행나무 "
회기로,"서울특별시 동대문구 휘경동 255-4","은행나무 "
회기로,"서울특별시 동대문구 청량리동 207","은행나무 "
경희대로,"서울특별시 동대문구 회기동 32","은행나무 "
한빛로,"서울특별시 동대문구 용두동 150-38","이팝나무 "
고산자로,"서울특별시 동대문구 용두동 47-1","양버즘나무 이팝나무 은행나무 느티나무 "
답십리로,"서울특별시 동대문구 장안동 142-7","이팝나무 "
서울시립대로,"서울특별시 동대문구 전농동 569-5","은행나무 "
약령시로,"서울특별시 동대문구 제기동 241-26","은행나무 "
약령시로,"서울특별시 동대문구 제기동 151-14","은행나무 "
한천로,"서울특별시 동대문구 답십리동 924","양버즘나무 은행나무 "
약령시로,"서울특별시 동대문구 제기동 818-8","은행나무 "
서울시립대로,"서울특별시 동대문구 전농동 645-4","은행나무 "
무학로,"서울특별시 동대문구 용두동 747","은행나무 벚나무 "
한빛로,"서울특별시 동대문구 신설동 79-2","이팝나무 "
황물로,"서울특별시 동대문구 전농동 645-1","양버즘나무 이팝나무 은행나무 "
청계천로,"서울특별시 동대문구 용두동 255-74","느티나무 "
망우로,"서울특별시 동대문구 휘경동 275-1","은행나무 "
왕산로,"서울특별시 동대문구 전농동 99-4","이팝나무 은행나무 "
고산자로,"서울특별시 동대문구 제기동 136-207","은행나무 "
경희대로,"서울특별시 동대문구 회기동 16-58","은행나무 "
안암로,"서울특별시 동대문구 제기동 67-242","은행나무 "
외대역동로,"서울특별시 동대문구 휘경동 110-7","양버즘나무 "
장한로,"서울특별시 동대문구 장안동 469-14","이팝나무 은행나무 벚나무 "
천호대로,"서울특별시 동대문구 장안동 472-2","양버즘나무 산딸나무 은행나무 "
전농로,"서울특별시 동대문구 전농동 135-45","은행나무 "
답십리로,"서울특별시 동대문구 장안동 332-13","이팝나무 "
고산자로,"서울특별시 동대문구 제기동 122-432","양버즘나무 "
장한로,"서울특별시 동대문구 장안동 469-15","이팝나무 "
망우로,"서울특별시 동대문구 휘경동 31-1","은행나무 "
왕산로,"서울특별시 동대문구 신설동 85-1","은행나무 "
신이문로,"서울특별시 동대문구 이문동 164-25","은행나무 "
천호대로,"서울특별시 동대문구 신설동 102-12","은행나무 "
약령시로,"서울특별시 동대문구 제기동 888-18","은행나무 "
회기로,"서울특별시 동대문구 회기동 60-267","은행나무 "
서울시립대로,"서울특별시 동대문구 전농동 497-3","은행나무 "
황물로,"서울특별시 동대문구 답십리동 532-1","양버즘나무 "
홍릉로,"서울특별시 동대문구 청량리동 205-849","양버즘나무 "
서울시립대로,"서울특별시 동대문구 전농동 500-30","은행나무 "
망우로,"서울특별시 동대문구 휘경동 42-3","이팝나무 은행나무 "
전농로,"서울특별시 동대문구 답십리동 266-2","양버즘나무 "
전농로,"서울특별시 동대문구 전농동 295-94","은행나무 "
회기로,"서울특별시 동대문구 회기동 60-172","은행나무 "
회기로,"서울특별시 동대문구 회기동 산 4-78","은행나무 "
장안벚꽃로,"서울특별시 동대문구 휘경동 49-72","회화나무 "
천호대로45길,"서울특별시 동대문구 용두동 39-1033","은행나무 "
천호대로45길,"서울특별시 동대문구 용두동 39-311","은행나무 "
서울시립대로,"서울특별시 동대문구 전농동 124-15","은행나무 "
제기로17길,"서울특별시 동대문구 청량리동 205-103","은행나무 "
정릉천동로,"서울특별시 동대문구 용두동 790","은행나무 "
휘경로,"서울특별시 동대문구 휘경동 147-6","양버즘나무 이팝나무 은행나무 "
서울시립대로,"서울특별시 동대문구 전농동 530-87","은행나무 "
사가정로,"서울특별시 동대문구 전농동 325-21","은행나무 "
천호대로,"서울특별시 동대문구 신설동 92-43","양버즘나무 "
천호대로47길,"서울특별시 동대문구 답십리동 463-1","느티나무 "
제기로17길,"서울특별시 동대문구 청량리동 205-379","은행나무 "
답십리로,"서울특별시 동대문구 장안동 469-15","이팝나무 "
이문로,"서울특별시 동대문구 회기동 346-34","은행나무 "
고산자로,"서울특별시 동대문구 제기동 800","양버즘나무 느티나무 "
장한로,"서울특별시 동대문구 장안동 469-1","이팝나무 "
장안벚꽃로,"서울특별시 동대문구 휘경동 49-15","이팝나무 회화나무 "
제기로17길,"서울특별시 동대문구 청량리동 205-390","은행나무 "
답십리로,"서울특별시 동대문구 답십리동 3-9","이팝나무 "
신이문로,"서울특별시 동대문구 이문동 256-13","은행나무 "
이문로,"서울특별시 동대문구 이문동 328-3","은행나무 "
전농로,"서울특별시 동대문구 전농동 183-1","은행나무 "
고산자로,"서울특별시 동대문구 제기동 1150-1","은행나무 "
천호대로45길,"서울특별시 동대문구 용두동 39-308","은행나무 "
제기로17길,"서울특별시 동대문구 청량리동 205-287","은행나무 "
사가정로,"서울특별시 동대문구 전농동 6-3","이팝나무 은행나무 "
회기로,"서울특별시 동대문구 회기동 346-11","은행나무 "
신이문로,"서울특별시 동대문구 이문동 237-113","은행나무 "
약령시로,"서울특별시 동대문구 제기동 250-1","은행나무 "
고산자로,"서울특별시 동대문구 제기동 787","양버즘나무 느티나무 "
서울시립대로,"서울특별시 동대문구 전농동 530-84","은행나무 "
회기로,"서울특별시 동대문구 회기동 60-110","은행나무 "
전농로,"서울특별시 동대문구 답십리동 66-19","양버즘나무 은행나무 "
장한로,"서울특별시 동대문구 장안동 469-17","이팝나무 "
답십리로,"서울특별시 동대문구 전농동 693-3","양버즘나무 은행나무 "
안암로,"서울특별시 동대문구 용두동 748","양버즘나무 은행나무 "
한천로,"서울특별시 동대문구 이문동 90-2","백합나무 "
고산자로,"서울특별시 동대문구 용두동 36-10","은행나무 "
전농로,"서울특별시 동대문구 전농동 155-4","은행나무 "
사가정로,"서울특별시 동대문구 전농동 31-15","이팝나무 "
망우로,"서울특별시 동대문구 휘경동 343-21","은행나무 "
고산자로,"서울특별시 동대문구 제기동 702","양버즘나무 "
한천로,"서울특별시 동대문구 장안동 114-1","양버즘나무 은행나무 "
회기로,"서울특별시 동대문구 제기동 1149-21","은행나무 "
이문로,"서울특별시 동대문구 이문동 329-2","은행나무 "
답십리로,"서울특별시 동대문구 전농동 493-4","양버즘나무 "
회기로,"서울특별시 동대문구 회기동 60-202","은행나무 "
한천로,"서울특별시 동대문구 휘경동 361-1","양버즘나무 은행나무 "
답십리로,"서울특별시 동대문구 전농동 655-32","은행나무 "
사가정로,"서울특별시 동대문구 전농동 311-3","은행나무 "
사가정로,"서울특별시 동대문구 전농동 307-6","은행나무 "
망우로21길,"서울특별시 동대문구 휘경동 269-9","은행나무 "
사가정로,"서울특별시 동대문구 답십리동 540","은행나무 "
황물로,"서울특별시 동대문구 전농동 672-2","양버즘나무 "
한천로,"서울특별시 동대문구 휘경동 43-257","양버즘나무 은행나무 "
사가정로,"서울특별시 동대문구 전농동 307-7","은행나무 "
한천로,"서울특별시 동대문구 장안동 245-13","양버즘나무 은행나무 "
제기로,"서울특별시 동대문구 제기동 135-126","양버즘나무 "
황물로,"서울특별시 동대문구 답십리동 530-3","양버즘나무 은행나무 "
서울시립대로,"서울특별시 동대문구 전농동 567-8","은행나무 "
신이문로,"서울특별시 동대문구 이문동 237-100","은행나무 "
회기로10길,"서울특별시 동대문구 청량리동 산 1-195","은행나무 백합나무 "
외대역동로,"서울특별시 동대문구 휘경동 39-74","느티나무 "
서울시립대로,"서울특별시 동대문구 전농동 583-1","은행나무 "
망우로,"서울특별시 동대문구 휘경동 317-65","은행나무 "
이문로,"서울특별시 동대문구 이문동 255-428","은행나무 "
홍릉로25길,"서울특별시 동대문구 청량리동 205-217","은행나무 "
약령시로,"서울특별시 동대문구 제기동 928-14","은행나무 "
전농로,"서울특별시 동대문구 전농동 135-5","은행나무 "
답십리로,"서울특별시 동대문구 답십리동 112-209","느티나무 "
한천로,"서울특별시 동대문구 전농동 1-191","양버즘나무 이팝나무 은행나무 "
고산자로,"서울특별시 동대문구 제기동 122-40","은행나무 벚나무 "
답십리로,"서울특별시 동대문구 장안동 331-15","이팝나무 "
천호대로45길,"서울특별시 동대문구 용두동 39-125","은행나무 "
서울시립대로,"서울특별시 동대문구 전농동 124-93","은행나무 "
한천로,"서울특별시 동대문구 휘경동 43-281","양버즘나무 "
황물로,"서울특별시 동대문구 답십리동 555","양버즘나무 이팝나무 은행나무 "
답십리로,"서울특별시 동대문구 전농동 621-2","양버즘나무 "
황물로,"서울특별시 동대문구 전농동 644-28","은행나무 "
답십리로,"서울특별시 동대문구 답십리동 3-107","이팝나무 "
답십리로,"서울특별시 동대문구 답십리동 244-15","양버즘나무 은행나무 "
서울시립대로,"서울특별시 동대문구 전농동 644-104","은행나무 "
천호대로,"서울특별시 동대문구 신설동 102-28","양버즘나무 은행나무 "
장한로,"서울특별시 동대문구 장안동 471-1","양버즘나무 "
왕산로,"서울특별시 동대문구 청량리동 1-2","은행나무 "
한천로,"서울특별시 동대문구 이문동 100-2","양버즘나무 "
서울시립대로,"서울특별시 동대문구 전농동 500-5","은행나무 "
한천로,"서울특별시 동대문구 이문동 177-106","양버즘나무 "
천호대로,"서울특별시 동대문구 답십리동 533-3","양버즘나무 "
제기로,"서울특별시 동대문구 제기동 142-21","양버즘나무 은행나무 "
이문로,"서울특별시 동대문구 이문동 288-38","은행나무 "
회기로,"서울특별시 동대문구 회기동 60-42","은행나무 "
신이문로,"서울특별시 동대문구 이문동 237-107","은행나무 "
제기로17길,"서울특별시 동대문구 청량리동 205-78","은행나무 "
천호대로47길,"서울특별시 동대문구 답십리동 555","느티나무 "
회기로,"서울특별시 동대문구 회기동 45-57","은행나무 "
회기로,"서울특별시 동대문구 회기동 45-74","은행나무 "
고산자로,"서울특별시 동대문구 용두동 26-14","느티나무 "
고산자로,"서울특별시 동대문구 제기동 908","양버즘나무 "
천호대로,"서울특별시 동대문구 신설동 102-9","양버즘나무 은행나무 "
황물로,"서울특별시 동대문구 전농동 645-2","양버즘나무 이팝나무 은행나무 "
한천로,"서울특별시 동대문구 장안동 162-12","양버즘나무 "
한천로,"서울특별시 동대문구 장안동 106-23","은행나무 "
한천로,"서울특별시 동대문구 장안동 95-1","양버즘나무 은행나무 "
한천로,"서울특별시 동대문구 답십리동 920","양버즘나무 은행나무 "
장안벚꽃로,"서울특별시 동대문구 휘경동 49-191","회화나무 "
천호대로45길,"서울특별시 동대문구 용두동 39-127","은행나무 "
제기로17길,"서울특별시 동대문구 청량리동 205-382","은행나무 "
한천로,"서울특별시 동대문구 휘경동 43-39","양버즘나무 은행나무 "
회기로,"서울특별시 동대문구 회기동 45-149","은행나무 "
청계천로,"서울특별시 동대문구 신설동 109-2","이팝나무 느티나무 "
홍릉로25길,"서울특별시 동대문구 청량리동 205-486","은행나무 "
경희대로,"서울특별시 동대문구 회기동 36-22","은행나무 "
전농로,"서울특별시 동대문구 전농동 90-6","은행나무 "
답십리로,"서울특별시 동대문구 전농동 655-30","은행나무 "
천호대로,"서울특별시 동대문구 답십리동 497-17","양버즘나무 "
답십리로,"서울특별시 동대문구 답십리동 69-1","이팝나무 "
장안벚꽃로,"서울특별시 동대문구 휘경동 49-16","회화나무 "
난계로,"서울특별시 동대문구 신설동 109-7","느티나무 "
답십리로,"서울특별시 동대문구 전농동 655-34","양버즘나무 은행나무 "
청계천로,"서울특별시 동대문구 용두동 47-30","양버즘나무 은행나무 소나무 "
망우로,"서울특별시 동대문구 휘경동 312-20","은행나무 "
서울시립대로,"서울특별시 동대문구 전농동 584-37","은행나무 "
망우로,"서울특별시 동대문구 휘경동 318-2","은행나무 "
사가정로,"서울특별시 동대문구 답십리동 536","은행나무 "
서울시립대로,"서울특별시 동대문구 답십리동 542","은행나무 "
천호대로45길,"서울특별시 동대문구 용두동 39-929","은행나무 "
황물로,"서울특별시 동대문구 답십리동 483-39","양버즘나무 은행나무 "
장안벚꽃로,"서울특별시 동대문구 휘경동 49-19","회화나무 "
황물로,"서울특별시 동대문구 답십리동 483-48","양버즘나무 "
무학로,"서울특별시 동대문구 용두동 193-59","은행나무 "
답십리로,"서울특별시 동대문구 전농동 493-2","양버즘나무 은행나무 "
천호대로,"서울특별시 동대문구 답십리동 1002","양버즘나무 "
황물로,"서울특별시 동대문구 답십리동 952-2","양버즘나무 이팝나무 은행나무 "
답십리로69길,"서울특별시 동대문구 장안동 476-6","은행나무 "
답십리로,"서울특별시 동대문구 답십리동 112-255","느티나무 "
한천로,"서울특별시 동대문구 장안동 141-2","양버즘나무 은행나무 "
전농로,"서울특별시 동대문구 답십리동 443-12","은행나무 "
안암로,"서울특별시 동대문구 용두동 775","양버즘나무 은행나무 "
약령시로,"서울특별시 동대문구 제기동 945-1","은행나무 "
천호대로45길,"서울특별시 동대문구 용두동 39-309","은행나무 "
한천로,"서울특별시 동대문구 이문동 92-21","양버즘나무 은행나무 "
전농로,"서울특별시 동대문구 전농동 295-92","은행나무 "
고산자로,"서울특별시 동대문구 제기동 932","양버즘나무 "
천호대로,"서울특별시 동대문구 답십리동 496-14","양버즘나무 "
답십리로,"서울특별시 동대문구 전농동 622-1","양버즘나무 은행나무 "
서울시립대로,"서울특별시 동대문구 전농동 572","은행나무 "
신이문로,"서울특별시 동대문구 이문동 217-6","은행나무 "
한천로,"서울특별시 동대문구 답십리동 2-13","양버즘나무 은행나무 "
회기로,"서울특별시 동대문구 회기동 45-49","은행나무 "
한빛로,"서울특별시 동대문구 신설동 42-3","이팝나무 "
한천로,"서울특별시 동대문구 장안동 186-20","양버즘나무 "
사가정로,"서울특별시 동대문구 전농동 315-2","은행나무 "
장한로,"서울특별시 동대문구 장안동 469-6","이팝나무 "
장안벚꽃로,"서울특별시 동대문구 휘경동 49-25","회화나무 "
사가정로,"서울특별시 동대문구 전농1동 307-6","은행나무 "
서울시립대로,"서울특별시 동대문구 전농동 644-99","은행나무 "
회기로,"서울특별시 동대문구 제기동 1147","은행나무 "
신이문로,"서울특별시 동대문구 이문동 255-225","은행나무 "
안암로,"서울특별시 동대문구 제기동 136-361","은행나무 "
회기로,"서울특별시 동대문구 청량리동 205-551","은행나무 "
회기로,"서울특별시 동대문구 회기동 45-56","은행나무 "
장안벚꽃로,"서울특별시 동대문구 휘경동 43-149","회화나무 "
한천로,"서울특별시 동대문구 장안동 535-1","양버즘나무 은행나무 "
고산자로,"서울특별시 동대문구 제기동 121-3","양버즘나무 "
답십리로,"서울특별시 동대문구 전농동 655-37","은행나무 "
한천로,"서울특별시 동대문구 답십리동 438","양버즘나무 "
이문로,"서울특별시 동대문구 이문동 292-97","은행나무 "
황물로,"서울특별시 동대문구 답십리동 961-5","은행나무 "
청계천로,"서울특별시 동대문구 신설동 100-27","느티나무 "
답십리로,"서울특별시 동대문구 답십리동 111","이팝나무 느티나무 벚나무 "
제기로17길,"서울특별시 동대문구 청량리동 203-57","은행나무 "
사가정로,"서울특별시 동대문구 답십리동 539-6","은행나무 "
황물로,"서울특별시 동대문구 답십리동 484-41","양버즘나무 "
제기로17길,"서울특별시 동대문구 청량리동 205-648","은행나무 "
회기로,"서울특별시 동대문구 회기동 60-263","은행나무 "
사가정로,"서울특별시 동대문구 답십리동 1012","은행나무 "
사가정로,"서울특별시 동대문구 답십리동 524-1","은행나무 "
무학로,"서울특별시 동대문구 제기동 1157-9","은행나무 "
무학로,"서울특별시 동대문구 용두동 187-84","은행나무 "
고산자로,"서울특별시 동대문구 제기동 928-10","양버즘나무 "
약령시로,"서울특별시 동대문구 제기동 148-136","은행나무 "
전농로,"서울특별시 동대문구 전농동 103-322","은행나무 "
고산자로,"서울특별시 동대문구 제기동 799","양버즘나무 "
왕산로,"서울특별시 동대문구 제기동 856","은행나무 "
제기로17길,"서울특별시 동대문구 청량리동 205-371","은행나무 "
무학로,"서울특별시 동대문구 용두동 185-2","은행나무 "
고산자로,"서울특별시 동대문구 제기동 1150-6","은행나무 "
천호대로,"서울특별시 동대문구 답십리동 493-11","양버즘나무 "
무학로,"서울특별시 동대문구 제기동 148-75","은행나무 "
천호대로,"서울특별시 동대문구 답십리동 492-9","양버즘나무 은행나무 "
망우로21길,"서울특별시 동대문구 휘경동 255-53","은행나무 "
답십리로,"서울특별시 동대문구 전농동 695-5","이팝나무 "
답십리로,"서울특별시 동대문구 답십리동 산 2-30","이팝나무 "
이문로,"서울특별시 동대문구 이문동 292-93","은행나무 "
장안벚꽃로,"서울특별시 동대문구 휘경동 43-257","은행나무 "
답십리로,"서울특별시 동대문구 답십리동 198-116","이팝나무 "
약령시로,"서울특별시 동대문구 제기동 148-88","벚나무 "
신이문로,"서울특별시 동대문구 이문동 220-202","은행나무 "
전농로,"서울특별시 동대문구 전농동 295-3","은행나무 "
황물로,"서울특별시 동대문구 답십리동 535-10","양버즘나무 은행나무 "
한천로,"서울특별시 동대문구 휘경동 43-270","양버즘나무 "
무학로,"서울특별시 동대문구 용두동 742-1","양버즘나무 은행나무 "
망우로,"서울특별시 동대문구 휘경동 31-2","은행나무 "
망우로,"서울특별시 동대문구 휘경동 312-247","은행나무 "
장안벚꽃로,"서울특별시 동대문구 장안동 440-19","양버즘나무 이팝나무 "
한천로,"서울특별시 동대문구 답십리동 436","양버즘나무 이팝나무 은행나무 "
제기로,"서울특별시 동대문구 제기동 139-4","양버즘나무 은행나무 "
휘경로,"서울특별시 동대문구 휘경동 148-32","양버즘나무 "
청계천로,"서울특별시 동대문구 용두동 696-8","느티나무 "
이문로,"서울특별시 동대문구 이문동 255-261","은행나무 "
답십리로,"서울특별시 동대문구 답십리동 65-11","이팝나무 "
천호대로45길,"서울특별시 동대문구 용두동 39-126","은행나무 "
서울시립대로,"서울특별시 동대문구 전농동 644-101","은행나무 "
답십리로,"서울특별시 동대문구 답십리동 474-26","양버즘나무 은행나무 "
홍릉로,"서울특별시 동대문구 청량리동 205","양버즘나무 "
이문로,"서울특별시 동대문구 이문동 335-9","은행나무 "
왕산로,"서울특별시 동대문구 전농동 602-24","이팝나무 "
망우로,"서울특별시 동대문구 휘경동 343-15","은행나무 "
망우로21길,"서울특별시 동대문구 휘경동 255-13","은행나무 "
천호대로,"서울특별시 동대문구 답십리동 494-12","양버즘나무 "
답십리로,"서울특별시 동대문구 전농동 652-1","은행나무 "
장안벚꽃로,"서울특별시 동대문구 휘경동 43-143","회화나무 "
약령시로,"서울특별시 동대문구 제기동 892-170","은행나무 "
왕산로,"서울특별시 동대문구 회기동 67-7","은행나무 느티나무 "
답십리로,"서울특별시 동대문구 답십리동 446","이팝나무 "
이문로,"서울특별시 동대문구 이문동 338-3","은행나무 "
신이문로,"서울특별시 동대문구 이문동 237-101","은행나무 "
서울시립대로,"서울특별시 동대문구 전농동 497-4","은행나무 "
한천로,"서울특별시 동대문구 전농동 1-1","양버즘나무 은행나무 "
한천로,"서울특별시 동대문구 답십리동 942","양버즘나무 "
회기로,"서울특별시 동대문구 회기동 60-244","은행나무 "
한천로,"서울특별시 동대문구 답십리동 4-294","은행나무 "
답십리로,"서울특별시 동대문구 전농동 690","은행나무 "
망우로,"서울특별시 동대문구 휘경동 267-147","은행나무 "
답십리로,"서울특별시 동대문구 전농동 643-29","양버즘나무 은행나무 "
답십리로,"서울특별시 동대문구 답십리동 476-70","이팝나무 "
경희대로,"서울특별시 동대문구 회기동 16-9","은행나무 "
천호대로47길,"서울특별시 동대문구 답십리동 645-1","느티나무 "
사가정로,"서울특별시 동대문구 장안동 101-1","이팝나무 느티나무 "
제기로,"서울특별시 동대문구 제기동 135-89","양버즘나무 은행나무 "
전농로,"서울특별시 동대문구 전농동 183-37","은행나무 "
회기로,"서울특별시 동대문구 회기동 346-26","은행나무 "
고산자로,"서울특별시 동대문구 제기동 1041","양버즘나무 "
무학로,"서울특별시 동대문구 제기동 148-121","은행나무 "
장한로,"서울특별시 동대문구 장안동 469-2","이팝나무 "
황물로,"서울특별시 동대문구 답십리동 485-163","은행나무 "
외대역동로,"서울특별시 동대문구 이문동 86-83","이팝나무 "
천호대로,"서울특별시 동대문구 답십리동 492-7","양버즘나무 은행나무 "
고산자로,"서울특별시 동대문구 제기동 1043","양버즘나무 "
사가정로,"서울특별시 동대문구 청량리동 206-4","은행나무 "
제기로17길,"서울특별시 동대문구 청량리동 205-610","은행나무 "
천호대로,"서울특별시 동대문구 답십리동 549-2","양버즘나무 단풍나무 이팝나무 "
망우로,"서울특별시 동대문구 휘경동 146-46","은행나무 "
답십리로,"서울특별시 동대문구 답십리동 198-109","이팝나무 "
답십리로,"서울특별시 동대문구 답십리동 53-59","이팝나무 "
이문로,"서울특별시 동대문구 이문동 255-260","은행나무 "
이문로,"서울특별시 동대문구 휘경동 336-10","은행나무 "
황물로,"서울특별시 동대문구 답십리동 483-20","은행나무 "
안암로,"서울특별시 동대문구 용두동 732-11","양버즘나무 은행나무 "
전농로,"서울특별시 동대문구 전농동 189-3","은행나무 "
망우로,"서울특별시 동대문구 휘경동 33-3","은행나무 "
경희대로,"서울특별시 동대문구 회기동 31-3","은행나무 "
한천로,"서울특별시 동대문구 이문동 94-6","양버즘나무 "
황물로,"서울특별시 동대문구 답십리동 485-74","양버즘나무 "
외대역동로,"서울특별시 동대문구 휘경동 117-1","양버즘나무 "
답십리로,"서울특별시 동대문구 답십리동 112-85","느티나무 "
외대역동로,"서울특별시 동대문구 휘경동 146-75","양버즘나무 은행나무 "
서울시립대로,"서울특별시 동대문구 전농동 643-38","은행나무 "
서울시립대로,"서울특별시 동대문구 전농동 150-15","은행나무 느티나무 "
답십리로,"서울특별시 동대문구 전농동 652-3","양버즘나무 "
한천로,"서울특별시 동대문구 휘경동 43-169","은행나무 "
홍릉로,"서울특별시 동대문구 청량리동 293","은행나무 "
신이문로,"서울특별시 동대문구 이문동 237-114","은행나무 "
이문로,"서울특별시 동대문구 이문동 341-85","은행나무 "
왕산로,"서울특별시 동대문구 신설동 76-22","은행나무 "
회기로,"서울특별시 동대문구 회기동 45-131","은행나무 "
답십리로,"서울특별시 동대문구 전농동 679-9","양버즘나무 "
한천로,"서울특별시 동대문구 휘경동 7-7","양버즘나무 "
휘경로,"서울특별시 동대문구 이문동 288-38","은행나무 "
회기로,"서울특별시 동대문구 회기동 346-3","은행나무 "
서울시립대로,"서울특별시 동대문구 전농동 499-22","은행나무 "
외대역동로,"서울특별시 동대문구 휘경동 367-3","느티나무 "
약령시로,"서울특별시 동대문구 제기동 928-11","은행나무 "
황물로,"서울특별시 동대문구 답십리동 485-151","양버즘나무 이팝나무 은행나무 "
청계천로,"서울특별시 동대문구 용두동 255-72","느티나무 "
경희대로,"서울특별시 동대문구 회기동 36-27","은행나무 "
고산자로,"서울특별시 동대문구 제기동 845","양버즘나무 은행나무 "
천호대로47길,"서울특별시 동대문구 용두동 693-2","느티나무 "
한천로,"서울특별시 동대문구 휘경동 16-1","느티나무 "
이문로,"서울특별시 동대문구 이문동 251-3","은행나무 "
전농로,"서울특별시 동대문구 전농동 103-298","은행나무 "
정릉천동로,"서울특별시 동대문구 제기동 892-68","이팝나무 "
답십리로,"서울특별시 동대문구 답십리동 3-104","이팝나무 "
사가정로,"서울특별시 동대문구 전농동 305-11","은행나무 "
한천로,"서울특별시 동대문구 장안동 145-10","양버즘나무 "
서울시립대로,"서울특별시 동대문구 전농동 648-160","양버즘나무 은행나무 "
망우로21길,"서울특별시 동대문구 휘경동 262-1","은행나무 "
전농로,"서울특별시 동대문구 답십리동 439-91","양버즘나무 은행나무 "
답십리로,"서울특별시 동대문구 장안동 469-5","이팝나무 "
서울시립대로,"서울특별시 동대문구 전농동 647-69","은행나무 "
휘경로,"서울특별시 동대문구 이문동 288-13","양버즘나무 "
외대역동로,"서울특별시 동대문구 휘경동 146-113","양버즘나무 "
무학로,"서울특별시 동대문구 용두동 193-60","은행나무 "
회기로,"서울특별시 동대문구 회기동 60-113","은행나무 "
장안벚꽃로,"서울특별시 동대문구 장안동 358-25","양버즘나무 "
정릉천동로,"서울특별시 동대문구 제기동 892-66","양버즘나무 "
고산자로,"서울특별시 동대문구 제기동 122-57","양버즘나무 산딸나무 은행나무 "
서울시립대로,"서울특별시 동대문구 전농동 530-82","은행나무 "
약령시로,"서울특별시 동대문구 제기동 55-11","은행나무 "
장안벚꽃로,"서울특별시 동대문구 휘경동 49-20","이팝나무 회화나무 "
전농로,"서울특별시 동대문구 전농동 194-1","은행나무 "
전농로,"서울특별시 동대문구 전농동 142-5","은행나무 "
약령시로,"서울특별시 동대문구 제기동 241-24","은행나무 "
서울시립대로,"서울특별시 동대문구 전농동 648-13","은행나무 "
서울시립대로,"서울특별시 동대문구 전농동 150-108","은행나무 "
이문로,"서울특별시 동대문구 이문동 255-189","은행나무 "
휘경로,"서울특별시 동대문구 휘경동 148-50","양버즘나무 "
약령시로,"서울특별시 동대문구 제기동 241-3","은행나무 "
천호대로,"서울특별시 동대문구 신설동 102-8","양버즘나무 은행나무 "
고산자로,"서울특별시 동대문구 제기동 785","양버즘나무 "
사가정로,"서울특별시 동대문구 답십리동 475-102번지","은행나무 "
한천로,"서울특별시 동대문구 휘경동 347-2","양버즘나무 "
약령시로,"서울특별시 동대문구 제기동 951-8","은행나무 "
이문로,"서울특별시 동대문구 휘경동 321-40","은행나무 "
망우로21길,"서울특별시 동대문구 휘경동 267-9","은행나무 "
사가정로,"서울특별시 동대문구 장안동 1-490","이팝나무 "
답십리로,"서울특별시 동대문구 답십리동 215-1","이팝나무 느티나무 "
천호대로45길,"서울특별시 동대문구 용두동 39-316","은행나무 "
답십리로,"서울특별시 동대문구 전농동 643-10","양버즘나무 "
답십리로,"서울특별시 동대문구 장안동 332-14","이팝나무 "
이문로,"서울특별시 동대문구 휘경동 337","양버즘나무 은행나무 "
전농로,"서울특별시 동대문구 답십리동 440-14","양버즘나무 "
사가정로,"서울특별시 동대문구 답십리동 467-48","은행나무 "
고미술로,"서울특별시 동대문구 답십리동 530-3","은행나무 "
한천로,"서울특별시 동대문구 휘경동 산 6-57","양버즘나무 "
천호대로45길,"서울특별시 동대문구 용두동 39-927","은행나무 "
전농로,"서울특별시 동대문구 전농동 150-56","은행나무 "
천호대로,"서울특별시 동대문구 답십리동 540","양버즘나무 "
전농로,"서울특별시 동대문구 답십리동 261-1","양버즘나무 은행나무 "
제기로17길,"서울특별시 동대문구 청량리동 205-31","은행나무 "
답십리로,"서울특별시 동대문구 전농동 623-4","양버즘나무 "
한천로,"서울특별시 동대문구 답십리동 1-3","양버즘나무 "
고산자로,"서울특별시 동대문구 제기동 693","양버즘나무 "
서울시립대로,"서울특별시 동대문구 전농동 649-3","은행나무 "
회기로,"서울특별시 동대문구 회기동 58-1","은행나무 "
제기로17길,"서울특별시 동대문구 청량리동 203-23","은행나무 "
한천로66길,"서울특별시 동대문구 이문동 213-3","은행나무 "
황물로,"서울특별시 동대문구 답십리동 484-39","양버즘나무 "
회기로,"서울특별시 동대문구 회기동 346-1","은행나무 "
전농로,"서울특별시 동대문구 전농동 295-52","은행나무 "
고산자로,"서울특별시 동대문구 제기동 122-34","양버즘나무 은행나무 "
한천로,"서울특별시 동대문구 휘경동 산 6-53","양버즘나무 "
서울시립대로,"서울특별시 동대문구 전농동 500-26","은행나무 "
무학로,"서울특별시 동대문구 제기동 1154","은행나무 "
전농로,"서울특별시 동대문구 답십리동 524-1","양버즘나무 "
제기로,"서울특별시 동대문구 제기동 135-91","양버즘나무 은행나무 "
제기로17길,"서울특별시 동대문구 청량리동 203-66","은행나무 "
홍릉로25길,"서울특별시 동대문구 청량리동 205-189","은행나무 "
서울시립대로,"서울특별시 동대문구 전농동 500-25","은행나무 "
서울시립대로,"서울특별시 동대문구 전농동 127-106","은행나무 "
이문로,"서울특별시 동대문구 이문동 371-20","은행나무 "
이문로,"서울특별시 동대문구 이문동 257-281","은행나무 "
이문로,"서울특별시 동대문구 휘경동 321-28","은행나무 "
서울시립대로,"서울특별시 동대문구 전농동 530-86","은행나무 "
회기로,"서울특별시 동대문구 회기동 347","은행나무 "
천호대로,"서울특별시 동대문구 답십리동 498-52","양버즘나무 "
한천로,"서울특별시 동대문구 전농동 1-36","양버즘나무 "
서울시립대로,"서울특별시 동대문구 전농동 568-7","은행나무 "
외대역동로,"서울특별시 동대문구 이문동 115-1","이팝나무 "
사가정로,"서울특별시 동대문구 답십리동 528","은행나무 "
약령시로,"서울특별시 동대문구 청량리동 225-7","은행나무 "
망우로,"서울특별시 동대문구 휘경동 273","은행나무 "
서울시립대로,"서울특별시 동대문구 전농동 124-12","은행나무 "
한천로,"서울특별시 동대문구 전농동 1-171","양버즘나무 "
정릉천동로,"서울특별시 동대문구 제기동 892-65","양버즘나무 느티나무 "
천호대로,"서울특별시 동대문구 용두동 39-1013","양버즘나무 "
외대역동로,"서울특별시 동대문구 이문동 114-18","이팝나무 "
외대역동로,"서울특별시 동대문구 이문동 114-19","이팝나무 "
외대역동로,"서울특별시 동대문구 이문동 114-14","이팝나무 "
외대역동로,"서울특별시 동대문구 이문동 114-36","이팝나무 "
외대역동로,"서울특별시 동대문구 이문동 114-61","이팝나무 "
외대역동로,"서울특별시 동대문구 이문동 120-36","이팝나무 "
외대역동로,"서울특별시 동대문구 이문동 120-35","이팝나무 "
외대역동로,"서울특별시 동대문구 이문동 354-18","이팝나무 "
외대역동로,"서울특별시 동대문구 이문동 120-1","이팝나무 "
외대역동로,"서울특별시 동대문구 이문동 354-67","이팝나무 "
사가정로,"서울특별시 동대문구 답십리동 477-56","은행나무 "
홍릉로25길,"서울특별시 동대문구 청량리동 205-489","은행나무 "
난계로,"서울특별시 동대문구 신설동 92-34","느티나무 "
사가정로,"서울특별시 동대문구 장안동 100-12","이팝나무 "
천호대로,"서울특별시 동대문구 답십리동 550-3","양버즘나무 단풍나무 "
전농로10길,"서울특별시 동대문구 답십리동 80-7","이팝나무 "
답십리로57길,"서울특별시 동대문구 답십리동 80-9","은행나무 느티나무 "
전농로10길,"서울특별시 동대문구 답십리동 80-10","이팝나무 느티나무 "
황물로,"서울특별시 동대문구 답십리동 483-3","양버즘나무 은행나무 "
외대역동로,"서울특별시 동대문구 이문동 83-167","이팝나무 은행나무 "
회기로,"서울특별시 동대문구 회기동 346-25","은행나무 "
이문로,"서울특별시 동대문구 이문동 255-259","은행나무 "
한천로,"서울특별시 동대문구 휘경동 43-175","양버즘나무 "
외대역동로,"서울특별시 동대문구 이문동 115-3","이팝나무 "
외대역동로,"서울특별시 동대문구 이문동 116-39","이팝나무 은행나무 벚나무 "
외대역동로,"서울특별시 동대문구 이문동 115-65","이팝나무 "
외대역동로,"서울특별시 동대문구 이문동 173-84","이팝나무 "
외대역동로,"서울특별시 동대문구 이문동 115-64","이팝나무 "
천호대로45길,"서울특별시 동대문구 용두동 39-313","은행나무 "
장한로,"서울특별시 동대문구 장안동 311-3","이팝나무 "
천호대로,"서울특별시 동대문구 답십리동 493-12","양버즘나무 "
약령시로,"서울특별시 동대문구 제기동 165-6","은행나무 "
서울시립대로,"서울특별시 동대문구 전농동 129-60","은행나무 "
제기로17길,"서울특별시 동대문구 청량리동 205-104","은행나무 "
천호대로,"서울특별시 동대문구 답십리동 496-10","양버즘나무 "
경동시장로,"서울특별시 동대문구 제기동 853","이팝나무 "
천호대로,"서울특별시 동대문구 용두동 791-3","은행나무 "
서울시립대로,"서울특별시 동대문구 전농동 산 11-222","은행나무 "
천호대로,"서울특별시 동대문구 신설동 101-5","양버즘나무 "
황물로,"서울특별시 동대문구 답십리동 489-136","백합나무 "
서울시립대로,"서울특별시 동대문구 전농동 500-27","은행나무 "
한천로,"서울특별시 동대문구 답십리동 2-269","은행나무 "
경동시장로,"서울특별시 동대문구 제기동 855","이팝나무 "
외대역동로,"서울특별시 동대문구 이문동 115-53","이팝나무 "
외대역동로,"서울특별시 동대문구 이문동 115-49","이팝나무 "
사가정로,"서울특별시 동대문구 전농동 38-128","이팝나무 "
무학로,"서울특별시 동대문구 용두동 191-4","은행나무 "
황물로,"서울특별시 동대문구 답십리동 483-21","양버즘나무 "
답십리로,"서울특별시 동대문구 장안동 331-3","이팝나무 "
외대역동로,"서울특별시 동대문구 이문동 115-52","이팝나무 "
천호대로45길,"서울특별시 동대문구 용두동 39-298","은행나무 "
외대역동로,"서울특별시 동대문구 이문동 115-62","이팝나무 "
전농로10길,"서울특별시 동대문구 전농동 10-9","이팝나무 느티나무 벚나무 "
한천로,"서울특별시 동대문구 장안동 164-3","양버즘나무 은행나무 "
외대역동로,"서울특별시 동대문구 이문동 117-11","이팝나무 "
외대역동로,"서울특별시 동대문구 이문동 121-40","이팝나무 느티나무 "
외대역동로,"서울특별시 동대문구 이문동 85-21","이팝나무 "
외대역동로,"서울특별시 동대문구 이문동 85-51","이팝나무 "
외대역동로,"서울특별시 동대문구 이문동 121-78","이팝나무 "
외대역동로,"서울특별시 동대문구 이문동 116-60","이팝나무 "
황물로,"서울특별시 동대문구 전농동 644-18","양버즘나무 "
황물로,"서울특별시 동대문구 답십리동 961-10","양버즘나무 이팝나무 은행나무 "
회기로,"서울특별시 동대문구 회기동 45-35","은행나무 "
약령시로,"서울특별시 동대문구 제기동 887-235","은행나무 "
한천로,"서울특별시 동대문구 이문동 209-17","은행나무 "
홍릉로,"서울특별시 동대문구 청량리동 산 1-212","양버즘나무 "
천호대로,"서울특별시 동대문구 답십리동 498-53","양버즘나무 이팝나무 "
답십리로,"서울특별시 동대문구 답십리동 41-2","이팝나무 "
이문로,"서울특별시 동대문구 이문동 364","양버즘나무 은행나무 "
이문로,"서울특별시 동대문구 이문동 255-262","은행나무 "
황물로,"서울특별시 동대문구 답십리동 483-22","은행나무 "
약령시로,"서울특별시 동대문구 제기동 165-21","은행나무 "
전농로,"서울특별시 동대문구 전농동 295-68","은행나무 "
정릉천동로,"서울특별시 동대문구 용두동 792-9","은행나무 "
답십리로,"서울특별시 동대문구 장안동 334-10","이팝나무 "
이문로,"서울특별시 동대문구 이문동 292-96","은행나무 "
고산자로,"서울특별시 동대문구 제기동 122-652","은행나무 "
사가정로,"서울특별시 동대문구 전농동 314-5","은행나무 "
왕산로,"서울특별시 동대문구 신설동 76-84","은행나무 "
회기로,"서울특별시 동대문구 회기동 58-3","은행나무 "
회기로,"서울특별시 동대문구 휘경동 191-3","은행나무 "
왕산로,"서울특별시 동대문구 전농동 625-1","은행나무 "
무학로,"서울특별시 동대문구 용두동 193-38","은행나무 "
서울시립대로,"서울특별시 동대문구 전농동 530-81","은행나무 "
외대역동로,"서울특별시 동대문구 이문동 119-5","이팝나무 "
제기로17길,"서울특별시 동대문구 청량리동 203-56","은행나무 "
이문로,"서울특별시 동대문구 이문동 335-1","은행나무 "
이문로,"서울특별시 동대문구 이문동 324-9","양버즘나무 "
이문로,"서울특별시 동대문구 이문동 254-4","은행나무 "
무학로,"서울특별시 동대문구 용두동 191-9","은행나무 "
황물로,"서울특별시 동대문구 답십리동 485-80","양버즘나무 "
안암로,"서울특별시 동대문구 제기동 1152-10","벚나무 "
회기로,"서울특별시 동대문구 회기동 16-93","은행나무 "
겸재로,"서울특별시 동대문구 휘경동 49-211","산딸나무 메타세쿼이아 "
사가정로,"서울특별시 동대문구 답십리동 532-1","은행나무 "
서울시립대로,"서울특별시 동대문구 전농동 568-17","은행나무 "
답십리로,"서울특별시 동대문구 답십리동 217","이팝나무 "
한천로,"서울특별시 동대문구 이문동 176-1","은행나무 "
천호대로45길,"서울특별시 동대문구 용두동 39-2","은행나무 "
사가정로,"서울특별시 동대문구 장안동 474-1","은행나무 "
이문로,"서울특별시 동대문구 이문동 257-277","은행나무 "
회기로,"서울특별시 동대문구 제기동 1142-17","은행나무 "
전농로,"서울특별시 동대문구 전농동 184-22","은행나무 "
정릉천동로,"서울특별시 동대문구 용두동 791-3","은행나무 "
신이문로,"서울특별시 동대문구 이문동 240-8","은행나무 "
무학로,"서울특별시 동대문구 제기동 148-64","은행나무 "
왕산로,"서울특별시 동대문구 용두동 23-7","은행나무 "
정릉천동로,"서울특별시 동대문구 용두동 47-2","은행나무 "
약령시로,"서울특별시 동대문구 제기동 831-9","은행나무 "
한천로,"서울특별시 동대문구 이문동 211-5","은행나무 "
정릉천동로,"서울특별시 동대문구 용두동 47-27","은행나무 "
회기로,"서울특별시 동대문구 회기동 45-70","은행나무 "
황물로,"서울특별시 동대문구 답십리동 483-47","양버즘나무 "
회기로,"서울특별시 동대문구 회기동 45-62","은행나무 "
답십리로,"서울특별시 동대문구 장안동 331-14","이팝나무 "
홍릉로25길,"서울특별시 동대문구 청량리동 205-485","은행나무 "
전농로,"서울특별시 동대문구 답십리동 243-1","은행나무 "
망우로,"서울특별시 동대문구 휘경동 343-25","은행나무 "
이문로,"서울특별시 동대문구 이문동 358-3","은행나무 "
답십리로,"서울특별시 동대문구 전농동 655-38","은행나무 "
약령시로,"서울특별시 동대문구 제기동 242-1","은행나무 "
한천로,"서울특별시 동대문구 장안동 114-22","은행나무 "
전농로,"서울특별시 동대문구 전농동 124-10","은행나무 "
이문로,"서울특별시 동대문구 이문동 363-29","은행나무 "
이문로,"서울특별시 동대문구 회기동 71-3","양버즘나무 "
천호대로45길,"서울특별시 동대문구 용두동 39-493","은행나무 "
홍릉로,"서울특별시 동대문구 청량리동 206-46","양버즘나무 "
이문로,"서울특별시 동대문구 회기동 346-30","은행나무 "
약령시로,"서울특별시 동대문구 제기동 952-1","은행나무 "
전농로,"서울특별시 동대문구 답십리동 53-20","양버즘나무 은행나무 "
전농로,"서울특별시 동대문구 전농동 295-53","은행나무 "
회기로,"서울특별시 동대문구 회기동 16-58","은행나무 "
망우로,"서울특별시 동대문구 휘경동 312-39","은행나무 "
제기로17길,"서울특별시 동대문구 청량리동 203-37","은행나무 "
답십리로,"서울특별시 동대문구 장안동 333-7","이팝나무 "
답십리로,"서울특별시 동대문구 전농동 625-3","양버즘나무 "
무학로,"서울특별시 동대문구 용두동 146-10","은행나무 "
황물로,"서울특별시 동대문구 답십리동 490-27","은행나무 "
전농로,"서울특별시 동대문구 전농동 188-3","은행나무 "
한천로,"서울특별시 동대문구 답십리동 2-150","이팝나무 은행나무 "
한천로,"서울특별시 동대문구 전농동 1-168","양버즘나무 "
사가정로,"서울특별시 동대문구 전농동 38-145","이팝나무 "
서울시립대로,"서울특별시 동대문구 전농동 573","은행나무 "
정릉천동로,"서울특별시 동대문구 제기동 892-64","양버즘나무 "
사가정로,"서울특별시 동대문구 답십리동 111-3","은행나무 "
답십리로,"서울특별시 동대문구 답십리동 66-66","이팝나무 "
한천로,"서울특별시 동대문구 휘경동 산 6-54","양버즘나무 "
장안벚꽃로,"서울특별시 동대문구 휘경동 49-197","회화나무 "
무학로,"서울특별시 동대문구 용두동 193-85","은행나무 "
답십리로,"서울특별시 동대문구 전농동 652-2","은행나무 "
한천로,"서울특별시 동대문구 휘경동 43-137","양버즘나무 "
이문로,"서울특별시 동대문구 휘경동 330-2","은행나무 "
이문로,"서울특별시 동대문구 휘경동 187-49","은행나무 "
회기로,"서울특별시 동대문구 회기동 16-106","은행나무 "
무학로,"서울특별시 동대문구 용두동 118-82","양버즘나무 "
한빛로,"서울특별시 동대문구 용두동 150-35","이팝나무 "
휘경로,"서울특별시 동대문구 휘경동 121-7","양버즘나무 "
한천로,"서울특별시 동대문구 휘경동 43-267","양버즘나무 "
정릉천동로,"서울특별시 동대문구 용두동 791","은행나무 "
약령시로,"서울특별시 동대문구 제기동 833-1","은행나무 "
황물로,"서울특별시 동대문구 답십리동 952-6","양버즘나무 "
무학로,"서울특별시 동대문구 용두동 193-61","은행나무 "
고산자로,"서울특별시 동대문구 제기동 934","양버즘나무 "
황물로,"서울특별시 동대문구 답십리동 483-15","양버즘나무 "
전농로10길,"서울특별시 동대문구 전농동 6","벚나무 "
전농로10길,"서울특별시 동대문구 전농동 10-2","벚나무 "
전농로10길,"서울특별시 동대문구 전농동 10","이팝나무 느티나무 벚나무 "
무학로,"서울특별시 동대문구 용두동 130-10","은행나무 "
신이문로,"서울특별시 동대문구 이문동 255-393","은행나무 "
이문로,"서울특별시 동대문구 이문동 255-223","은행나무 "
전농로,"서울특별시 동대문구 전농동 141-154","은행나무 "
제기로,"서울특별시 동대문구 제기동 666-1","양버즘나무 "
신이문로,"서울특별시 동대문구 이문동 237-137","은행나무 "
황물로,"서울특별시 동대문구 답십리동 467-19","양버즘나무 "
답십리로,"서울특별시 동대문구 답십리동 2-296","이팝나무 "
전농로10길,"서울특별시 동대문구 답십리동 80","이팝나무 느티나무 벚나무 "
한천로,"서울특별시 동대문구 전농동 1-192","양버즘나무 "
외대역동로,"서울특별시 동대문구 이문동 115-80","이팝나무 "
왕산로,"서울특별시 동대문구 용두동 689-1","은행나무 "
약령시로,"서울특별시 동대문구 제기동 149-18","은행나무 "
한빛로,"서울특별시 동대문구 용두동 206-2","이팝나무 "
한빛로,"서울특별시 동대문구 용두동 201-24","이팝나무 "
서울시립대로,"서울특별시 동대문구 전농동 644-103","은행나무 "
외대역동로,"서울특별시 동대문구 휘경동 39-76","느티나무 "
답십리로,"서울특별시 동대문구 답십리동 112-120","느티나무 "
약령시로,"서울특별시 동대문구 제기동 1152-20","은행나무 "
약령시로,"서울특별시 동대문구 제기동 190-2","은행나무 "
고산자로,"서울특별시 동대문구 용신동 34-9","느티나무 "
고산자로,"서울특별시 동대문구 용두동 34-7","느티나무 "
서울시립대로,"서울특별시 동대문구 전농동 530-85","은행나무 "
홍릉로25길,"서울특별시 동대문구 청량리동 205-488","은행나무 "
외대역동로,"서울특별시 동대문구 이문동 109-39","이팝나무 "
외대역동로,"서울특별시 동대문구 이문동 121-83","이팝나무 "
외대역동로,"서울특별시 동대문구 이문동 176-1","이팝나무 "
외대역동로,"서울특별시 동대문구 이문동 123-5","이팝나무 느티나무 "
고산자로,"서울특별시 동대문구 제기동 921","은행나무 "
무학로,"서울특별시 동대문구 용두동 130-17","은행나무 "
서울시립대로,"서울특별시 동대문구 전농동 567-29","은행나무 "
전농로10길,"서울특별시 동대문구 전농동 686-2","이팝나무 "
고산자로,"서울특별시 동대문구 제기동 697","양버즘나무 "
전농로10길,"서울특별시 동대문구 전농동 10-1","느티나무 "
제기로17길,"서울특별시 동대문구 청량리동 203-48","은행나무 "
제기로17길,"서울특별시 동대문구 청량리동 205-288","은행나무 "
약령시로,"서울특별시 동대문구 제기동 151-9","은행나무 "
회기로,"서울특별시 동대문구 회기동 58-2","은행나무 "
답십리로,"서울특별시 동대문구 전농동 623-19","양버즘나무 "
이문로,"서울특별시 동대문구 이문동 256-373","은행나무 "
망우로,"서울특별시 동대문구 휘경동 312-263","은행나무 "
무학로,"서울특별시 동대문구 제기동 148-158","은행나무 "
제기로17길,"서울특별시 동대문구 청량리동 203-44","은행나무 "
장안벚꽃로,"서울특별시 동대문구 장안동 481-2","양버즘나무 "
장한로6길,"서울특별시 동대문구 장안동 473-7","양버즘나무 이팝나무 "
약령시로,"서울특별시 동대문구 청량리동 225-25","은행나무 "
황물로,"서울특별시 동대문구 답십리동 489-137","은행나무 "
신이문로,"서울특별시 동대문구 이문동 220-113","은행나무 "
무학로,"서울특별시 동대문구 용두동 190-10","은행나무 "
제기로17길,"서울특별시 동대문구 청량리동 205-79","은행나무 "
안암로,"서울특별시 동대문구 제기동 1152-12","벚나무 "
약령시로,"서울특별시 동대문구 제기동 830-6","은행나무 "
망우로21길,"서울특별시 동대문구 휘경동 261-3","은행나무 "
황물로,"서울특별시 동대문구 전농동 644-32","양버즘나무 "
망우로,"서울특별시 동대문구 휘경동 255-47","은행나무 "
휘경로,"서울특별시 동대문구 이문동 288-37","양버즘나무 "
제기로17길,"서울특별시 동대문구 청량리동 203-24","은행나무 "
왕산로,"서울특별시 동대문구 제기동 1158-61","양버즘나무 "
휘경로,"서울특별시 동대문구 휘경동 122-7","은행나무 "
망우로21길,"서울특별시 동대문구 휘경동 255-14","은행나무 "
고산자로,"서울특별시 동대문구 제기동 919","양버즘나무 "
서울시립대로,"서울특별시 동대문구 답십리동 1002","은행나무 "
약령시로,"서울특별시 동대문구 제기동 153","은행나무 "
답십리로,"서울특별시 동대문구 장안동 334-9","이팝나무 "
한빛로,"서울특별시 동대문구 신설동 76-82","이팝나무 "
한빛로,"서울특별시 동대문구 용두동 213-2","이팝나무 "
한빛로,"서울특별시 동대문구 용두동 212-3","이팝나무 "
서울시립대로,"서울특별시 동대문구 전농동 150-88","은행나무 "
전농로10길,"서울특별시 동대문구 전농동 10-10","벚나무 "
전농로10길,"서울특별시 동대문구 전농동 20-424","느티나무 "
회기로,"서울특별시 동대문구 회기동 45-60","은행나무 "
황물로,"서울특별시 동대문구 전농동 644-1","은행나무 "
답십리로,"서울특별시 동대문구 전농동 493-72","은행나무 "
황물로,"서울특별시 동대문구 답십리동 489-143","은행나무 "
제기로,"서울특별시 동대문구 제기동 669-2","양버즘나무 "
천호대로,"서울특별시 동대문구 용두동 34-4","느티나무 "
답십리로,"서울특별시 동대문구 전농동 649-4","양버즘나무 "
휘경로,"서울특별시 동대문구 휘경동 139-27","양버즘나무 "
한빛로,"서울특별시 동대문구 용두동 150-1","이팝나무 "
약령시로,"서울특별시 동대문구 제기동 151-17","은행나무 "
사가정로,"서울특별시 동대문구 답십리동 108-1","은행나무 "
회기로,"서울특별시 동대문구 회기동 60-49","은행나무 "
천호대로,"서울특별시 동대문구 용두동 34-1","느티나무 "
천호대로,"서울특별시 동대문구 용두동 47-4","느티나무 "
안암로,"서울특별시 동대문구 제기동 137-19","은행나무 "
한빛로,"서울특별시 동대문구 용두동 237-10","단풍나무 이팝나무 "
회기로,"서울특별시 동대문구 회기동 46-1","은행나무 "
전농로,"서울특별시 동대문구 전농동 103-2","은행나무 "
천호대로,"서울특별시 동대문구 용두동 34-7","느티나무 "
천호대로,"서울특별시 동대문구 답십리동 530-26","양버즘나무 "
휘경로,"서울특별시 동대문구 휘경동 148-40","양버즘나무 "
망우로,"서울특별시 동대문구 휘경동 308-25","은행나무 "
황물로,"서울특별시 동대문구 답십리동 959-28","양버즘나무 "
전농로,"서울특별시 동대문구 전농동 141-75","은행나무 "
약령시로,"서울특별시 동대문구 제기동 148-132","은행나무 "
천호대로47길,"서울특별시 동대문구 답십리동 553-1","느티나무 "
무학로,"서울특별시 동대문구 용두동 146-9","은행나무 "
경희대로,"서울특별시 동대문구 회기동 27-2","은행나무 "
신이문로,"서울특별시 동대문구 이문동 357","은행나무 "
한천로,"서울특별시 동대문구 장안동 151-15","양버즘나무 "
황물로,"서울특별시 동대문구 답십리동 467-79","은행나무 "
한빛로,"서울특별시 동대문구 신설동 67-1","이팝나무 "
한빛로,"서울특별시 동대문구 신설동 69-1","이팝나무 "
한빛로,"서울특별시 동대문구 신설동 71-2","이팝나무 "
한빛로,"서울특별시 동대문구 신설동 31-2","이팝나무 "
한빛로,"서울특별시 동대문구 신설동 30-2","이팝나무 "
한빛로,"서울특별시 동대문구 신설동 29-2","이팝나무 "
답십리로,"서울특별시 동대문구 전농동 648-163","양버즘나무 "
고산자로,"서울특별시 동대문구 제기동 122-117","양버즘나무 "
사가정로,"서울특별시 동대문구 답십리동 475-142","은행나무 "
홍릉로25길,"서울특별시 동대문구 청량리동 205-487","은행나무 "
이문로,"서울특별시 동대문구 이문동 287-19","은행나무 "
사가정로,"서울특별시 동대문구 전농동 321-3","은행나무 "
답십리로,"서울특별시 동대문구 답십리동 66-46","이팝나무 "
답십리로,"서울특별시 동대문구 답십리동 524-1","은행나무 "
한천로,"서울특별시 동대문구 장안동 124-15","양버즘나무 "
휘경로,"서울특별시 동대문구 휘경동 122-6","양버즘나무 "
서울시립대로,"서울특별시 동대문구 전농동 647-73","은행나무 "
답십리로,"서울특별시 동대문구 장안동 142-22","이팝나무 "
신이문로,"서울특별시 동대문구 이문동 237-108","은행나무 "
천호대로,"서울특별시 동대문구 용두동 47-33","은행나무 "
사가정로,"서울특별시 동대문구 답십리동 530-1","은행나무 "
휘경로,"서울특별시 동대문구 이문동 288-26","양버즘나무 "
한빛로,"서울특별시 동대문구 신설동 1-3","이팝나무 은행나무 "
한빛로,"서울특별시 동대문구 용두동 201-12","이팝나무 "
한빛로,"서울특별시 동대문구 신설동 49-2","이팝나무 "
한빛로,"서울특별시 동대문구 신설동 50-2","이팝나무 "
한빛로,"서울특별시 동대문구 용두동 756-13","이팝나무 "
무학로,"서울특별시 동대문구 용두동 190-8","은행나무 "
회기로,"서울특별시 동대문구 회기동 45-61","은행나무 "
외대역동로,"서울특별시 동대문구 이문동 85-90","이팝나무 "
사가정로,"서울특별시 동대문구 전농동 312","은행나무 "
외대역동로,"서울특별시 동대문구 이문동 85-20","이팝나무 "
한빛로,"서울특별시 동대문구 신설동 38-2","이팝나무 "
한빛로,"서울특별시 동대문구 신설동 46-2","이팝나무 "
장안벚꽃로,"서울특별시 동대문구 장안동 471-1","양버즘나무 "
약령시로,"서울특별시 동대문구 제기동 252","은행나무 "
서울시립대로,"서울특별시 동대문구 전농동 646-19","은행나무 "
장안벚꽃로,"서울특별시 동대문구 장안동 481-5","양버즘나무 "
황물로,"서울특별시 동대문구 답십리동 539","양버즘나무 "
전농로,"서울특별시 동대문구 답십리동 93-9","은행나무 "
황물로,"서울특별시 동대문구 답십리동 483-26","양버즘나무 "
답십리로,"서울특별시 동대문구 장안동 332-5","이팝나무 "
서울시립대로,"서울특별시 동대문구 전농동 150-87","느티나무 "
망우로21길,"서울특별시 동대문구 휘경동 42-6","은행나무 "
천호대로,"서울특별시 동대문구 신설동 102-14","은행나무 "
제기로,"서울특별시 동대문구 제기동 137-143","양버즘나무 "
고산자로,"서울특별시 동대문구 제기동 930-11","양버즘나무 "
천호대로,"서울특별시 동대문구 답십리동 496-11","은행나무 "
무학로,"서울특별시 동대문구 용두동 193-63","은행나무 "
한천로,"서울특별시 동대문구 전농동 1-200","양버즘나무 "
무학로,"서울특별시 동대문구 용두동 191-5","은행나무 "
천호대로,"서울특별시 동대문구 신설동 97-8","느티나무 "
회기로,"서울특별시 동대문구 회기동 45-41","은행나무 "
서울시립대로,"서울특별시 동대문구 전농동 568-18","은행나무 "
회기로,"서울특별시 동대문구 제기동 1142-20","은행나무 "
사가정로,"서울특별시 동대문구 답십리동 530-2","양버즘나무 "
한천로,"서울특별시 동대문구 휘경동 43-254","양버즘나무 "
신이문로,"서울특별시 동대문구 이문동 358-14","은행나무 "
장안벚꽃로,"서울특별시 동대문구 휘경동 43-152","이팝나무 "
망우로,"서울특별시 동대문구 휘경동 344","은행나무 "
제기로17길,"서울특별시 동대문구 청량리동 203-34","은행나무 "
무학로,"서울특별시 동대문구 제기동 1153-10","은행나무 "
황물로,"서울특별시 동대문구 답십리동 467-7","양버즘나무 "
제기로17길,"서울특별시 동대문구 청량리동 205-100","은행나무 "
한천로,"서울특별시 동대문구 휘경동 43-165","이팝나무 "
고산자로,"서울특별시 동대문구 제기동 927","양버즘나무 "
회기로,"서울특별시 동대문구 청량리동 산 1-211","은행나무 "
고산자로,"서울특별시 동대문구 제기동 928-14","은행나무 "
망우로21길,"서울특별시 동대문구 휘경동 264-1","은행나무 "
답십리로,"서울특별시 동대문구 장안동 141-30","이팝나무 "
이문로,"서울특별시 동대문구 이문동 292-266","은행나무 "
홍릉로,"서울특별시 동대문구 청량리동 205-551","은행나무 "
망우로,"서울특별시 동대문구 휘경동 316-4","은행나무 "
황물로,"서울특별시 동대문구 답십리동 467-80","은행나무 "
외대역동로,"서울특별시 동대문구 이문동 173-92","이팝나무 "
안암로,"서울특별시 동대문구 용두동 749-1","은행나무 "
전농로,"서울특별시 동대문구 전농동 135-41","은행나무 "
회기로,"서울특별시 동대문구 회기동 45-124","은행나무 "
고산자로,"서울특별시 동대문구 제기동 122-612","양버즘나무 "
약령시로,"서울특별시 동대문구 제기동 148-44","은행나무 "
정릉천동로,"서울특별시 동대문구 용두동 75-44","은행나무 "
외대역동로,"서울특별시 동대문구 이문동 115-44","이팝나무 "
외대역동로,"서울특별시 동대문구 이문동 174-49","이팝나무 "
망우로,"서울특별시 동대문구 휘경동 317-6","이팝나무 은행나무 "
망우로,"서울특별시 동대문구 휘경동 317-63","이팝나무 "
망우로,"서울특별시 동대문구 휘경동 317-1","은행나무 "
이문로,"서울특별시 동대문구 휘경동 336-31","은행나무 "
이문로,"서울특별시 동대문구 회기동 77-43","은행나무 "
망우로,"서울특별시 동대문구 휘경동 71-1","은행나무 "
외대역동로,"서울특별시 동대문구 휘경동 108-31","양버즘나무 "
한천로,"서울특별시 동대문구 이문동 94-7","느티나무 "
한천로,"서울특별시 동대문구 이문동 94-8","느티나무 "
한천로58길,"서울특별시 동대문구 이문동 94-2","느티나무 "
외대역동로,"서울특별시 동대문구 이문동 120-20","이팝나무 "
외대역동로,"서울특별시 동대문구 이문동 120-37","이팝나무 "
한천로,"서울특별시 동대문구 휘경동 120-1","양버즘나무 은행나무 "
한천로,"서울특별시 동대문구 이문동 91-2","양버즘나무 은행나무 "
한천로,"서울특별시 동대문구 이문동 90-15","양버즘나무 "
외대역동로,"서울특별시 동대문구 휘경동 55-6","느티나무 "
한천로,"서울특별시 동대문구 휘경동 56-3","느티나무 벚나무 "
한천로,"서울특별시 동대문구 휘경동 16-60","느티나무 "
한천로,"서울특별시 동대문구 휘경동 15-10","느티나무 "
한천로,"서울특별시 동대문구 휘경동 62-18","느티나무 "
한천로,"서울특별시 동대문구 휘경동 12-22","느티나무 "
한천로,"서울특별시 동대문구 전농동 1-209","은행나무 "
장안벚꽃로,"서울특별시 동대문구 휘경동 348","벚나무 회화나무 "
장안벚꽃로,"서울특별시 동대문구 휘경동 359","벚나무 "
답십리로,"서울특별시 동대문구 장안동 295-6","이팝나무 "
장한로,"서울특별시 동대문구 장안동 307-3","이팝나무 "
답십리로,"서울특별시 동대문구 답십리동 산 2-9","이팝나무 "
답십리로,"서울특별시 동대문구 장안동 332-6","이팝나무 "
답십리로,"서울특별시 동대문구 장안동 332-7","이팝나무 "
답십리로,"서울특별시 동대문구 장안동 334-11","이팝나무 "
장한로,"서울특별시 동대문구 장안동 435-5","이팝나무 "
한천로14길,"서울특별시 동대문구 장안동 479-2","양버즘나무 "
장안벚꽃로,"서울특별시 동대문구 장안동 336-2","양버즘나무 "
망우로,"서울특별시 동대문구 휘경동 255-23","은행나무 "
망우로,"서울특별시 동대문구 휘경동 267-72","은행나무 "
한천로,"서울특별시 동대문구 답십리동 939","양버즘나무 "
장안벚꽃로,"서울특별시 동대문구 장안동 481-4","벚나무 "
장안벚꽃로,"서울특별시 동대문구 장안동 481-6","은행나무 느티나무 벚나무 "
서울시립대로,"서울특별시 동대문구 전농동 694","은행나무 "
전농로,"서울특별시 동대문구 전농동 194","산딸나무 "
전농로,"서울특별시 동대문구 전농동 155-7","은행나무 "
사가정로,"서울특별시 동대문구 전농동 38-111","벚나무 "
사가정로,"서울특별시 동대문구 전농동 31-42","이팝나무 "
외대역동로1길,"서울특별시 동대문구 휘경동 375","느티나무 "
외대역동로1길,"서울특별시 동대문구 휘경동 375-5","느티나무 "
외대역동로1길,"서울특별시 동대문구 휘경동 42-9","느티나무 "
외대역동로1길,"서울특별시 동대문구 휘경동 109-1","느티나무 "
외대역동로1길,"서울특별시 동대문구 휘경동 96-5","느티나무 "
외대역동로1길,"서울특별시 동대문구 휘경동 95-1","느티나무 "
경희대로,"서울특별시 동대문구 회기동 36-3","은행나무 "
경희대로,"서울특별시 동대문구 회기동 108-2","은행나무 "
경희대로,"서울특별시 동대문구 회기동 38-1","은행나무 "
경희대로,"서울특별시 동대문구 회기동 36-21","은행나무 "
신이문로,"서울특별시 동대문구 이문동 256-371","은행나무 "
회기로,"서울특별시 동대문구 회기동 60-148","은행나무 "
답십리로,"서울특별시 동대문구 답십리동 241-8","은행나무 "
회기로,"서울특별시 동대문구 청량리동 206-44","느티나무 "
회기로,"서울특별시 동대문구 청량리동 206-11","느티나무 "
회기로,"서울특별시 동대문구 청량리동 산 1-196","은행나무 느티나무 "
한천로63길,"서울특별시 동대문구 이문동 225-4","느티나무 "
한천로66길,"서울특별시 동대문구 이문동 213-13","은행나무 "
전농로10길,"서울특별시 동대문구 답십리동 80-1","느티나무 벚나무 "
이문로54길,"서울특별시 동대문구 이문동 225-4","느티나무 "
이문로54길,"서울특별시 동대문구 이문동 225","느티나무 "
이문로54길,"서울특별시 동대문구 이문동 225-2","느티나무 "
한천로58길,"서울특별시 동대문구 이문동 64-4","은행나무 "
한천로58길,"서울특별시 동대문구 이문동 64","은행나무 "
한천로58길,"서울특별시 동대문구 이문동 54-2","은행나무 "
한천로58길,"서울특별시 동대문구 이문동 54","은행나무 "
한천로58길,"서울특별시 동대문구 이문동 64-12","은행나무 "
한천로58길,"서울특별시 동대문구 이문동 46-16","은행나무 "
한천로58길,"서울특별시 동대문구 이문동 46-21","은행나무 "
한천로58길,"서울특별시 동대문구 이문동 25-9","은행나무 "
한천로58길,"서울특별시 동대문구 이문동 353-13","은행나무 "
한천로58길,"서울특별시 동대문구 이문동 354-70","은행나무 "
한천로58길,"서울특별시 동대문구 이문동 1-4","은행나무 "
한천로58길,"서울특별시 동대문구 이문동1-4","은행나무 "
한천로58길,"서울특별시 동대문구 이문동7-1","은행나무 "
황물로,"서울특별시 동대문구 답십리동 490-20","은행나무 "
홍릉로25길,"서울특별시 동대문구 청량리동 205-484","은행나무 "
왕산로,"서울특별시 동대문구 청량리동 444-2","은행나무 "
제기로17길,"서울특별시 동대문구 청량리동 205-372","은행나무 "
망우로1길,"서울특별시 동대문구 휘경동 344","은행나무 "
한천로58길,"서울특별시 동대문구 이문동 49-2","은행나무 "
한천로58길,"서울특별시 동대문구 이문동 49-3","은행나무 "
한천로58길,"서울특별시 동대문구 이문동 99-1","은행나무 "
한천로58길,"서울특별시 동대문구 이문동 98-1","단풍나무 "
한천로58길,"서울특별시 동대문구 이문동 48-4","은행나무 "
한천로58길,"서울특별시 동대문구 이문동 59","은행나무 "
한천로58길,"서울특별시 동대문구 이문동 53-1","은행나무 "
사가정로4길,"서울특별시 동대문구 답십리동 1005-1","벚나무 "
한천로58길,"서울특별시 동대문구 이문동 50","은행나무 "
사가정로4길,"서울특별시 동대문구 답십리동 477-41","벚나무 "
한천로58길,"서울특별시 동대문구 이문동 65-2","은행나무 "
한천로58길,"서울특별시 동대문구 이문동 189","은행나무 "
답십리로,"서울특별시 동대문구 답십리동 1003","이팝나무 "
답십리로,"서울특별시 동대문구 답십리동 476-268","이팝나무 "
답십리로,"서울특별시 동대문구 답십리동 476-288","이팝나무 "
답십리로,"서울특별시 동대문구 답십리동 1005","이팝나무 "
사가정로4길,"서울특별시 동대문구 답십리동 149-8","벚나무 "
천호대로,"서울특별시 동대문구 답십리동 496-13","양버즘나무 "
약령시로,"서울특별시 동대문구 청량리동 235-6","은행나무 "
사가정로4길,"서울특별시 동대문구 답십리동 1003","벚나무 "
사가정로4길,"서울특별시 동대문구 답십리동 153-7","벚나무 "
사가정로4길,"서울특별시 동대문구 답십리동 112-200","벚나무 "
제기로,"서울특별시 동대문구 청량리동 60-3","은행나무 "
전농로3길,"서울특별시 동대문구 답십리동 276-24","이팝나무 "
천호대로,"서울특별시 동대문구 답십리동 1009","단풍나무 "
전농로3길,"서울특별시 동대문구 답십리동 274-1","이팝나무 "
전농로3길,"서울특별시 동대문구 답십리동 1005-2","이팝나무 "
청계천로,"서울특별시 동대문구 용신동 100-30","이팝나무 "
청계천로,"서울특별시 동대문구 용신동 100-27","이팝나무 "
청계천로,"서울특별시 동대문구 신설동 100-2","이팝나무 "
청계천로,"서울특별시 동대문구 신설동 114-75","이팝나무 "
청계천로,"서울특별시 동대문구 신설동 100-21","이팝나무 "
청계천로,"서울특별시 동대문구 신설동 114-76","이팝나무 "
청계천로,"서울특별시 동대문구 신설동 114-74","이팝나무 "
청계천로,"서울특별시 동대문구 신설동 109-13","느티나무 "
서울시립대로12길,"서울특별시 동대문구 전농동 693","벚나무 "
서울시립대로12길,"서울특별시 동대문구 전농동 690","벚나무 "
서울시립대로12길,"서울특별시 동대문구 전농동 222-10","벚나무 "
서울시립대로12길,"서울특별시 동대문구 전농동 407-3","벚나무 "
서울시립대로12길,"서울특별시 동대문구 전농동 222-105","벚나무 "
서울시립대로12길,"서울특별시 동대문구 전농동 558-174","벚나무 "
고산자로,"서울특별시 동대문구 제기동 918","양버즘나무 "
천호대로,"서울특별시 동대문구 용신동 176","느티나무 "
고산자로,"서울특별시 동대문구 용두동 36-11","은행나무 "
천호대로,"서울특별시 동대문구 용두동 33-1","느티나무 "
안암로,"서울특별시 동대문구 제기동 136-357","은행나무 "
답십리로,"서울특별시 동대문구 답십리동 2-298","이팝나무 "
한빛로,"서울특별시 동대문구 신설동 53-3","이팝나무 "
한빛로,"서울특별시 동대문구 신설동 65-2","이팝나무 "
한빛로,"서울특별시 동대문구 신설동 27-2","이팝나무 "
정릉천동로,"서울특별시 동대문구 용두동 792-7","은행나무 "
한빛로,"서울특별시 동대문구 용두동 757-23","이팝나무 은행나무 "
한빛로,"서울특별시 동대문구 용두동 767-14","이팝나무 "
고미술로,"서울특별시 동대문구 답십리동 530-24","은행나무 "
왕산로,"서울특별시 동대문구 용두동 234-1","은행나무 "
하정로,"서울특별시 동대문구 신설동 98-24","느티나무 "
천호대로45길,"서울특별시 동대문구 용두동 38-5","은행나무 "
청계천로,"서울특별시 동대문구 신설동 92-44","느티나무 "
청계천로,"서울특별시 동대문구 신설동 100-29","느티나무 "
청계천로7길,"서울특별시 동대문구 용두동 255-26","단풍나무 "
청계천로7길,"서울특별시 동대문구 용두동 255-20","단풍나무 "
왕산로,"서울특별시 동대문구 신설동 92-34","은행나무 "
청계천로7길,"서울특별시 동대문구 용두동 255-19","단풍나무 "
청계천로7길,"서울특별시 동대문구 용두동 255-18","단풍나무 "
청계천로7길,"서울특별시 동대문구 용두동 255-13","단풍나무 "
천호대로,"서울특별시 동대문구 신설동 101-7","은행나무 "
청계천로7길,"서울특별시 동대문구 용두동 255-12","단풍나무 "
청계천로7길,"서울특별시 동대문구 용두동 255-10","단풍나무 "
천호대로,"서울특별시 동대문구 신설동 102-26","은행나무 "
청계천로7길,"서울특별시 동대문구 용두동 255-9","단풍나무 "
청계천로7길,"서울특별시 동대문구 용두동 255-8","단풍나무 "
청계천로7길,"서울특별시 동대문구 용두동 237-70","단풍나무 "
천호대로,"서울특별시 동대문구 신설동 97-37","느티나무 "
청계천로7길,"서울특별시 동대문구 용두동 255-35","단풍나무 "
청계천로7길,"서울특별시 동대문구 용두동 255-96","단풍나무 "
청계천로7길,"서울특별시 동대문구 용두동 255-97","단풍나무 "
청계천로7길,"서울특별시 동대문구 용두동 255-101","단풍나무 "
청계천로7길,"서울특별시 동대문구 용두동 237-69","이팝나무 "
청계천로7길,"서울특별시 동대문구 용두동 237-72","이팝나무 "
청계천로7길,"서울특별시 동대문구 용두동 251-13","이팝나무 "
청계천로7길,"서울특별시 동대문구 용두동 237-12","이팝나무 "
왕산로2길,"서울특별시 동대문구 신설동 97-8","느티나무 "
하정로,"서울특별시 동대문구 신설동 97-37","느티나무 "
하정로,"서울특별시 동대문구 신설동 97-8","느티나무 "
청계천로,"서울특별시 동대문구 용두동 255-52","느티나무 "
청계천로,"서울특별시 동대문구 용두동 255-48","느티나무 "
청계천로,"서울특별시 동대문구 용두동 255-58","느티나무 "
청계천로,"서울특별시 동대문구 용두동 255-73","느티나무 "
청계천로,"서울특별시 동대문구 용두동 255-56","느티나무 "
한천로10길,"서울특별시 동대문구 장안동 216-40","느티나무 "
한천로10길,"서울특별시 동대문구 장안동 217-1","이팝나무 느티나무 "
천호대로,"서울특별시 동대문구 용두동 252-156","은행나무 "
한천로10길,"서울특별시 동대문구 장안동 217-4","이팝나무 "
전농로4길,"서울특별시 동대문구 답십리동 952-2","양버즘나무 이팝나무 "
천호대로73길,"서울특별시 동대문구 답십리동 530-2","은행나무 "
답십리로,"서울특별시 동대문구 답십리2동 산2-11","이팝나무 "
왕산로,"서울특별시 동대문구 청량리동 2-3","이팝나무 "
왕산로23길,"서울특별시 동대문구 제기동 268-51","이팝나무 "
왕산로23길,"서울특별시 동대문구 제기동 268-50","이팝나무 "
왕산로23길,"서울특별시 동대문구 제기동 1158-61","벚나무 "
왕산로23길,"서울특별시 동대문구 제기동 1158-75","벚나무 "
왕산로23길,"서울특별시 동대문구 제기동 55-11","이팝나무 "
왕산로23길,"서울특별시 동대문구 제기동 1158-66","벚나무 "
왕산로23길,"서울특별시 동대문구 제기동 271-51","벚나무 "
천호대로47길,"서울특별시 동대문구 답십리동 463-13","느티나무 "
